;City;Gender;variable;value;Numb
1;Adana-1;M;-15.19;89973;-89973
2;Adıyaman-2;M;-15.19;29195;-29195
3;Afyonkarahisar-3;M;-15.19;29340;-29340
4;Ağrı-4;M;-15.19;31306;-31306
5;Aksaray-68;M;-15.19;17436;-17436
6;Amasya-5;M;-15.19;12016;-12016
7;Ankara-6;M;-15.19;202713;-202713
8;Antalya-7;M;-15.19;88518;-88518
9;Ardahan-75;M;-15.19;3914;-3914
10;Artvin-8;M;-15.19;5445;-5445
11;Aydın-9;M;-15.19;36737;-36737
12;Balıkesir-10;M;-15.19;39204;-39204
13;Bartın-74;M;-15.19;6890;-6890
14;Batman-72;M;-15.19;33906;-33906
15;Bayburt-69;M;-15.19;3777;-3777
16;Bilecik-11;M;-15.19;7871;-7871
17;Bingöl-12;M;-15.19;12191;-12191
18;Bitlis-13;M;-15.19;19039;-19039
19;Bolu-14;M;-15.19;11481;-11481
20;Burdur-15;M;-15.19;9709;-9709
21;Bursa-16;M;-15.19;107382;-107382
22;Çanakkale-17;M;-15.19;16677;-16677
23;Çankırı-18;M;-15.19;6837;-6837
24;Çorum-19;M;-15.19;18739;-18739
25;Denizli-20;M;-15.19;37204;-37204
26;Diyarbakır-21;M;-15.19;88906;-88906
27;Düzce-81;M;-15.19;15293;-15293
28;Edirne-22;M;-15.19;12785;-12785
29;Elazığ-23;M;-15.19;24498;-24498
30;Erzincan-24;M;-15.19;8964;-8964
31;Erzurum-25;M;-15.19;36719;-36719
32;Eskişehir-26;M;-15.19;29715;-29715
33;Gaziantep-27;M;-15.19;95651;-95651
34;Giresun-28;M;-15.19;15377;-15377
35;Gümüşhane-29;M;-15.19;6658;-6658
36;Hakkari-30;M;-15.19;15428;-15428
37;Hatay-31;M;-15.19;69720;-69720
38;Iğdır-76;M;-15.19;9876;-9876
39;Isparta-32;M;-15.19;17147;-17147
40;İstanbul-34;M;-15.19;563324;-563324
41;İzmir-35;M;-15.19;138707;-138707
42;Kahramanmaraş-46;M;-15.19;53537;-53537
43;Karabük-78;M;-15.19;10130;-10130
44;Karaman-70;M;-15.19;10120;-10120
45;Kars-36;M;-15.19;13542;-13542
46;Kastamonu-37;M;-15.19;13324;-13324
47;Kayseri-38;M;-15.19;57555;-57555
48;Kilis-79;M;-15.19;6379;-6379
49;Kırıkkale-71;M;-15.19;11651;-11651
50;Kırklareli-39;M;-15.19;10793;-10793
51;Kırşehir-40;M;-15.19;9358;-9358
52;Kocaeli-41;M;-15.19;72985;-72985
53;Konya-42;M;-15.19;94705;-94705
54;Kütahya-43;M;-15.19;20639;-20639
55;Malatya-44;M;-15.19;32947;-32947
56;Manisa-45;M;-15.19;49978;-49978
57;Mardin-47;M;-15.19;44358;-44358
58;Mersin-33;M;-15.19;71252;-71252
59;Muğla-48;M;-15.19;30289;-30289
60;Muş-49;M;-15.19;23905;-23905
61;Nevşehir-50;M;-15.19;11651;-11651
62;Niğde-51;M;-15.19;15843;-15843
63;Ordu-52;M;-15.19;26504;-26504
64;Osmaniye-80;M;-15.19;23549;-23549
65;Rize-53;M;-15.19;12349;-12349
66;Sakarya-54;M;-15.19;40623;-40623
67;Samsun-55;M;-15.19;51226;-51226
68;Şanlıurfa-63;M;-15.19;109846;-109846
69;Siirt-56;M;-15.19;19193;-19193
70;Sinop-57;M;-15.19;7181;-7181
71;Şırnak-73;M;-15.19;30287;-30287
72;Sivas-58;M;-15.19;25573;-25573
73;Tekirdağ-59;M;-15.19;36306;-36306
74;Tokat-60;M;-15.19;24256;-24256
75;Trabzon-61;M;-15.19;29653;-29653
76;Tunceli-62;M;-15.19;2008;-2008
77;Uşak-64;M;-15.19;13443;-13443
78;Van-65;M;-15.19;63707;-63707
79;Yalova-77;M;-15.19;9962;-9962
80;Yozgat-66;M;-15.19;17083;-17083
81;Zonguldak-67;M;-15.19;20933;-20933
82;Adana-1;F;-15.19;84024;84024
83;Adıyaman-2;F;-15.19;27824;27824
84;Afyonkarahisar-3;F;-15.19;28204;28204
85;Ağrı-4;F;-15.19;29578;29578
86;Aksaray-68;F;-15.19;16770;16770
87;Amasya-5;F;-15.19;11638;11638
88;Ankara-6;F;-15.19;194269;194269
89;Antalya-7;F;-15.19;81402;81402
90;Ardahan-75;F;-15.19;3613;3613
91;Artvin-8;F;-15.19;5313;5313
92;Aydın-9;F;-15.19;35668;35668
93;Balıkesir-10;F;-15.19;35622;35622
94;Bartın-74;F;-15.19;7207;7207
95;Batman-72;F;-15.19;32484;32484
96;Bayburt-69;F;-15.19;3996;3996
97;Bilecik-11;F;-15.19;7170;7170
98;Bingöl-12;F;-15.19;11860;11860
99;Bitlis-13;F;-15.19;18297;18297
100;Bolu-14;F;-15.19;11715;11715
101;Burdur-15;F;-15.19;9407;9407
102;Bursa-16;F;-15.19;97886;97886
103;Çanakkale-17;F;-15.19;16798;16798
104;Çankırı-18;F;-15.19;6424;6424
105;Çorum-19;F;-15.19;18156;18156
106;Denizli-20;F;-15.19;35393;35393
107;Diyarbakır-21;F;-15.19;84695;84695
108;Düzce-81;F;-15.19;14587;14587
109;Edirne-22;F;-15.19;13222;13222
110;Elazığ-23;F;-15.19;23178;23178
111;Erzincan-24;F;-15.19;8887;8887
112;Erzurum-25;F;-15.19;37183;37183
113;Eskişehir-26;F;-15.19;27402;27402
114;Gaziantep-27;F;-15.19;90438;90438
115;Giresun-28;F;-15.19;15000;15000
116;Gümüşhane-29;F;-15.19;6587;6587
117;Hakkari-30;F;-15.19;14828;14828
118;Hatay-31;F;-15.19;65914;65914
119;Iğdır-76;F;-15.19;9338;9338
120;Isparta-32;F;-15.19;17193;17193
121;İstanbul-34;F;-15.19;526181;526181
122;İzmir-35;F;-15.19;128864;128864
123;Kahramanmaraş-46;F;-15.19;49802;49802
124;Karabük-78;F;-15.19;9403;9403
125;Karaman-70;F;-15.19;10276;10276
126;Kars-36;F;-15.19;13037;13037
127;Kastamonu-37;F;-15.19;12317;12317
128;Kayseri-38;F;-15.19;53982;53982
129;Kilis-79;F;-15.19;6484;6484
130;Kırıkkale-71;F;-15.19;11411;11411
131;Kırklareli-39;F;-15.19;10852;10852
132;Kırşehir-40;F;-15.19;9563;9563
133;Kocaeli-41;F;-15.19;66139;66139
134;Konya-42;F;-15.19;89848;89848
135;Kütahya-43;F;-15.19;19896;19896
136;Malatya-44;F;-15.19;31424;31424
137;Manisa-45;F;-15.19;45879;45879
138;Mardin-47;F;-15.19;42830;42830
139;Mersin-33;F;-15.19;66343;66343
140;Muğla-48;F;-15.19;27719;27719
141;Muş-49;F;-15.19;22707;22707
142;Nevşehir-50;F;-15.19;11576;11576
143;Niğde-51;F;-15.19;15370;15370
144;Ordu-52;F;-15.19;25097;25097
145;Osmaniye-80;F;-15.19;21720;21720
146;Rize-53;F;-15.19;12025;12025
147;Sakarya-54;F;-15.19;38564;38564
148;Samsun-55;F;-15.19;49425;49425
149;Şanlıurfa-63;F;-15.19;103064;103064
150;Siirt-56;F;-15.19;18127;18127
151;Sinop-57;F;-15.19;6899;6899
152;Şırnak-73;F;-15.19;28883;28883
153;Sivas-58;F;-15.19;25983;25983
154;Tekirdağ-59;F;-15.19;31893;31893
155;Tokat-60;F;-15.19;23344;23344
156;Trabzon-61;F;-15.19;28980;28980
157;Tunceli-62;F;-15.19;1925;1925
158;Uşak-64;F;-15.19;13183;13183
159;Van-65;F;-15.19;61026;61026
160;Yalova-77;F;-15.19;8861;8861
161;Yozgat-66;F;-15.19;16645;16645
162;Zonguldak-67;F;-15.19;19986;19986
163;Adana-1;M;-20.24;81930;-81930
164;Adıyaman-2;M;-20.24;25753;-25753
165;Afyonkarahisar-3;M;-20.24;28906;-28906
166;Ağrı-4;M;-20.24;28359;-28359
167;Aksaray-68;M;-20.24;18167;-18167
168;Amasya-5;M;-20.24;13338;-13338
169;Ankara-6;M;-20.24;224866;-224866
170;Antalya-7;M;-20.24;91427;-91427
171;Ardahan-75;M;-20.24;4788;-4788
172;Artvin-8;M;-20.24;6838;-6838
173;Aydın-9;M;-20.24;40056;-40056
174;Balıkesir-10;M;-20.24;44490;-44490
175;Bartın-74;M;-20.24;7155;-7155
176;Batman-72;M;-20.24;28407;-28407
177;Bayburt-69;M;-20.24;5896;-5896
178;Bilecik-11;M;-20.24;9097;-9097
179;Bingöl-12;M;-20.24;13897;-13897
180;Bitlis-13;M;-20.24;17148;-17148
181;Bolu-14;M;-20.24;14358;-14358
182;Burdur-15;M;-20.24;13844;-13844
183;Bursa-16;M;-20.24;109024;-109024
184;Çanakkale-17;M;-20.24;23982;-23982
185;Çankırı-18;M;-20.24;8412;-8412
186;Çorum-19;M;-20.24;19092;-19092
187;Denizli-20;M;-20.24;38642;-38642
188;Diyarbakır-21;M;-20.24;78535;-78535
189;Düzce-81;M;-20.24;16038;-16038
190;Edirne-22;M;-20.24;22113;-22113
191;Elazığ-23;M;-20.24;26721;-26721
192;Erzincan-24;M;-20.24;12634;-12634
193;Erzurum-25;M;-20.24;36955;-36955
194;Eskişehir-26;M;-20.24;39619;-39619
195;Gaziantep-27;M;-20.24;84393;-84393
196;Giresun-28;M;-20.24;17148;-17148
197;Gümüşhane-29;M;-20.24;9254;-9254
198;Hakkari-30;M;-20.24;23417;-23417
199;Hatay-31;M;-20.24;62323;-62323
200;Iğdır-76;M;-20.24;10002;-10002
201;Isparta-32;M;-20.24;22552;-22552
202;İstanbul-34;M;-20.24;620290;-620290
203;İzmir-35;M;-20.24;160512;-160512
204;Kahramanmaraş-46;M;-20.24;45041;-45041
205;Karabük-78;M;-20.24;14205;-14205
206;Karaman-70;M;-20.24;10658;-10658
207;Kars-36;M;-20.24;14762;-14762
208;Kastamonu-37;M;-20.24;15596;-15596
209;Kayseri-38;M;-20.24;55855;-55855
210;Kilis-79;M;-20.24;7176;-7176
211;Kırıkkale-71;M;-20.24;12861;-12861
212;Kırklareli-39;M;-20.24;17158;-17158
213;Kırşehir-40;M;-20.24;10108;-10108
214;Kocaeli-41;M;-20.24;74568;-74568
215;Konya-42;M;-20.24;93553;-93553
216;Kütahya-43;M;-20.24;23028;-23028
217;Malatya-44;M;-20.24;32445;-32445
218;Manisa-45;M;-20.24;56020;-56020
219;Mardin-47;M;-20.24;37836;-37836
220;Mersin-33;M;-20.24;66972;-66972
221;Muğla-48;M;-20.24;34457;-34457
222;Muş-49;M;-20.24;19032;-19032
223;Nevşehir-50;M;-20.24;12713;-12713
224;Niğde-51;M;-20.24;16598;-16598
225;Ordu-52;M;-20.24;26193;-26193
226;Osmaniye-80;M;-20.24;20562;-20562
227;Rize-53;M;-20.24;13761;-13761
228;Sakarya-54;M;-20.24;41552;-41552
229;Samsun-55;M;-20.24;51614;-51614
230;Şanlıurfa-63;M;-20.24;89585;-89585
231;Siirt-56;M;-20.24;18956;-18956
232;Sinop-57;M;-20.24;7756;-7756
233;Şırnak-73;M;-20.24;36031;-36031
234;Sivas-58;M;-20.24;29866;-29866
235;Tekirdağ-59;M;-20.24;44053;-44053
236;Tokat-60;M;-20.24;25000;-25000
237;Trabzon-61;M;-20.24;31926;-31926
238;Tunceli-62;M;-20.24;5358;-5358
239;Uşak-64;M;-20.24;15650;-15650
240;Van-65;M;-20.24;54276;-54276
241;Yalova-77;M;-20.24;10581;-10581
242;Yozgat-66;M;-20.24;17233;-17233
243;Zonguldak-67;M;-20.24;21401;-21401
244;Adana-1;F;-20.24;80295;80295
245;Adıyaman-2;F;-20.24;25378;25378
246;Afyonkarahisar-3;F;-20.24;29874;29874
247;Ağrı-4;F;-20.24;24639;24639
248;Aksaray-68;F;-20.24;18329;18329
249;Amasya-5;F;-20.24;11460;11460
250;Ankara-6;F;-20.24;215646;215646
251;Antalya-7;F;-20.24;86426;86426
252;Ardahan-75;F;-20.24;3959;3959
253;Artvin-8;F;-20.24;6393;6393
254;Aydın-9;F;-20.24;39415;39415
255;Balıkesir-10;F;-20.24;38764;38764
256;Bartın-74;F;-20.24;7895;7895
257;Batman-72;F;-20.24;28314;28314
258;Bayburt-69;F;-20.24;5528;5528
259;Bilecik-11;F;-20.24;8789;8789
260;Bingöl-12;F;-20.24;13453;13453
261;Bitlis-13;F;-20.24;16466;16466
262;Bolu-14;F;-20.24;15031;15031
263;Burdur-15;F;-20.24;11559;11559
264;Bursa-16;F;-20.24;105105;105105
265;Çanakkale-17;F;-20.24;20163;20163
266;Çankırı-18;F;-20.24;7895;7895
267;Çorum-19;F;-20.24;17957;17957
268;Denizli-20;F;-20.24;37675;37675
269;Diyarbakır-21;F;-20.24;76255;76255
270;Düzce-81;F;-20.24;16611;16611
271;Edirne-22;F;-20.24;16324;16324
272;Elazığ-23;F;-20.24;24944;24944
273;Erzincan-24;F;-20.24;11343;11343
274;Erzurum-25;F;-20.24;39092;39092
275;Eskişehir-26;F;-20.24;35402;35402
276;Gaziantep-27;F;-20.24;85536;85536
277;Giresun-28;F;-20.24;17516;17516
278;Gümüşhane-29;F;-20.24;9833;9833
279;Hakkari-30;F;-20.24;13456;13456
280;Hatay-31;F;-20.24;58433;58433
281;Iğdır-76;F;-20.24;8769;8769
282;Isparta-32;F;-20.24;21715;21715
283;İstanbul-34;F;-20.24;597584;597584
284;İzmir-35;F;-20.24;147102;147102
285;Kahramanmaraş-46;F;-20.24;43487;43487
286;Karabük-78;F;-20.24;13372;13372
287;Karaman-70;F;-20.24;11239;11239
288;Kars-36;F;-20.24;13550;13550
289;Kastamonu-37;F;-20.24;14242;14242
290;Kayseri-38;F;-20.24;53991;53991
291;Kilis-79;F;-20.24;6592;6592
292;Kırıkkale-71;F;-20.24;12821;12821
293;Kırklareli-39;F;-20.24;12902;12902
294;Kırşehir-40;F;-20.24;11048;11048
295;Kocaeli-41;F;-20.24;70948;70948
296;Konya-42;F;-20.24;95731;95731
297;Kütahya-43;F;-20.24;23633;23633
298;Malatya-44;F;-20.24;31857;31857
299;Manisa-45;F;-20.24;48351;48351
300;Mardin-47;F;-20.24;37575;37575
301;Mersin-33;F;-20.24;65162;65162
302;Muğla-48;F;-20.24;31078;31078
303;Muş-49;F;-20.24;18724;18724
304;Nevşehir-50;F;-20.24;13153;13153
305;Niğde-51;F;-20.24;16225;16225
306;Ordu-52;F;-20.24;26057;26057
307;Osmaniye-80;F;-20.24;18501;18501
308;Rize-53;F;-20.24;13148;13148
309;Sakarya-54;F;-20.24;40527;40527
310;Samsun-55;F;-20.24;50491;50491
311;Şanlıurfa-63;F;-20.24;89985;89985
312;Siirt-56;F;-20.24;16945;16945
313;Sinop-57;F;-20.24;7548;7548
314;Şırnak-73;F;-20.24;24931;24931
315;Sivas-58;F;-20.24;29460;29460
316;Tekirdağ-59;F;-20.24;35063;35063
317;Tokat-60;F;-20.24;23948;23948
318;Trabzon-61;F;-20.24;32473;32473
319;Tunceli-62;F;-20.24;2988;2988
320;Uşak-64;F;-20.24;15677;15677
321;Van-65;F;-20.24;54328;54328
322;Yalova-77;F;-20.24;9582;9582
323;Yozgat-66;F;-20.24;17333;17333
324;Zonguldak-67;F;-20.24;20715;20715
325;Adana-1;M;-25.29;79820;-79820
326;Adıyaman-2;M;-25.29;24037;-24037
327;Afyonkarahisar-3;M;-25.29;24730;-24730
328;Ağrı-4;M;-25.29;25536;-25536
329;Aksaray-68;M;-25.29;14971;-14971
330;Amasya-5;M;-25.29;13609;-13609
331;Ankara-6;M;-25.29;221045;-221045
332;Antalya-7;M;-25.29;91679;-91679
333;Ardahan-75;M;-25.29;4102;-4102
334;Artvin-8;M;-25.29;6096;-6096
335;Aydın-9;M;-25.29;37987;-37987
336;Balıkesir-10;M;-25.29;40067;-40067
337;Bartın-74;M;-25.29;6632;-6632
338;Batman-72;M;-25.29;28465;-28465
339;Bayburt-69;M;-25.29;3935;-3935
340;Bilecik-11;M;-25.29;8808;-8808
341;Bingöl-12;M;-25.29;13905;-13905
342;Bitlis-13;M;-25.29;17447;-17447
343;Bolu-14;M;-25.29;11354;-11354
344;Burdur-15;M;-25.29;10388;-10388
345;Bursa-16;M;-25.29;114151;-114151
346;Çanakkale-17;M;-25.29;18574;-18574
347;Çankırı-18;M;-25.29;7005;-7005
348;Çorum-19;M;-25.29;16711;-16711
349;Denizli-20;M;-25.29;36041;-36041
350;Diyarbakır-21;M;-25.29;80592;-80592
351;Düzce-81;M;-25.29;15213;-15213
352;Edirne-22;M;-25.29;15278;-15278
353;Elazığ-23;M;-25.29;21833;-21833
354;Erzincan-24;M;-25.29;11031;-11031
355;Erzurum-25;M;-25.29;29548;-29548
356;Eskişehir-26;M;-25.29;34545;-34545
357;Gaziantep-27;M;-25.29;79423;-79423
358;Giresun-28;M;-25.29;15320;-15320
359;Gümüşhane-29;M;-25.29;7271;-7271
360;Hakkari-30;M;-25.29;21203;-21203
361;Hatay-31;M;-25.29;54098;-54098
362;Iğdır-76;M;-25.29;8819;-8819
363;Isparta-32;M;-25.29;15516;-15516
364;İstanbul-34;M;-25.29;665305;-665305
365;İzmir-35;M;-25.29;165203;-165203
366;Kahramanmaraş-46;M;-25.29;39985;-39985
367;Karabük-78;M;-25.29;9049;-9049
368;Karaman-70;M;-25.29;9012;-9012
369;Kars-36;M;-25.29;12632;-12632
370;Kastamonu-37;M;-25.29;12747;-12747
371;Kayseri-38;M;-25.29;48780;-48780
372;Kilis-79;M;-25.29;5973;-5973
373;Kırıkkale-71;M;-25.29;9885;-9885
374;Kırklareli-39;M;-25.29;14207;-14207
375;Kırşehir-40;M;-25.29;8810;-8810
376;Kocaeli-41;M;-25.29;78483;-78483
377;Konya-42;M;-25.29;80103;-80103
378;Kütahya-43;M;-25.29;20896;-20896
379;Malatya-44;M;-25.29;27294;-27294
380;Manisa-45;M;-25.29;52336;-52336
381;Mardin-47;M;-25.29;37954;-37954
382;Mersin-33;M;-25.29;64441;-64441
383;Muğla-48;M;-25.29;34264;-34264
384;Muş-49;M;-25.29;18639;-18639
385;Nevşehir-50;M;-25.29;10201;-10201
386;Niğde-51;M;-25.29;12741;-12741
387;Ordu-52;M;-25.29;24695;-24695
388;Osmaniye-80;M;-25.29;17828;-17828
389;Rize-53;M;-25.29;12345;-12345
390;Sakarya-54;M;-25.29;38171;-38171
391;Samsun-55;M;-25.29;47812;-47812
392;Şanlıurfa-63;M;-25.29;85907;-85907
393;Siirt-56;M;-25.29;16097;-16097
394;Sinop-57;M;-25.29;7140;-7140
395;Şırnak-73;M;-25.29;33108;-33108
396;Sivas-58;M;-25.29;23447;-23447
397;Tekirdağ-59;M;-25.29;43513;-43513
398;Tokat-60;M;-25.29;20377;-20377
399;Trabzon-61;M;-25.29;28708;-28708
400;Tunceli-62;M;-25.29;5745;-5745
401;Uşak-64;M;-25.29;12232;-12232
402;Van-65;M;-25.29;53920;-53920
403;Yalova-77;M;-25.29;9917;-9917
404;Yozgat-66;M;-25.29;14621;-14621
405;Zonguldak-67;M;-25.29;19349;-19349
406;Adana-1;F;-25.29;80592;80592
407;Adıyaman-2;F;-25.29;23281;23281
408;Afyonkarahisar-3;F;-25.29;24543;24543
409;Ağrı-4;F;-25.29;22424;22424
410;Aksaray-68;F;-25.29;14756;14756
411;Amasya-5;F;-25.29;10144;10144
412;Ankara-6;F;-25.29;221046;221046
413;Antalya-7;F;-25.29;92167;92167
414;Ardahan-75;F;-25.29;3548;3548
415;Artvin-8;F;-25.29;5688;5688
416;Aydın-9;F;-25.29;36456;36456
417;Balıkesir-10;F;-25.29;36439;36439
418;Bartın-74;F;-25.29;6005;6005
419;Batman-72;F;-25.29;27995;27995
420;Bayburt-69;F;-25.29;3116;3116
421;Bilecik-11;F;-25.29;7412;7412
422;Bingöl-12;F;-25.29;12622;12622
423;Bitlis-13;F;-25.29;15597;15597
424;Bolu-14;F;-25.29;10614;10614
425;Burdur-15;F;-25.29;8284;8284
426;Bursa-16;F;-25.29;113287;113287
427;Çanakkale-17;F;-25.29;16360;16360
428;Çankırı-18;F;-25.29;6193;6193
429;Çorum-19;F;-25.29;16673;16673
430;Denizli-20;F;-25.29;34801;34801
431;Diyarbakır-21;F;-25.29;78384;78384
432;Düzce-81;F;-25.29;14573;14573
433;Edirne-22;F;-25.29;12666;12666
434;Elazığ-23;F;-25.29;21393;21393
435;Erzincan-24;F;-25.29;8287;8287
436;Erzurum-25;F;-25.29;29285;29285
437;Eskişehir-26;F;-25.29;31523;31523
438;Gaziantep-27;F;-25.29;80721;80721
439;Giresun-28;F;-25.29;13878;13878
440;Gümüşhane-29;F;-25.29;7073;7073
441;Hakkari-30;F;-25.29;13897;13897
442;Hatay-31;F;-25.29;56155;56155
443;Iğdır-76;F;-25.29;8083;8083
444;Isparta-32;F;-25.29;13786;13786
445;İstanbul-34;F;-25.29;649164;649164
446;İzmir-35;F;-25.29;157531;157531
447;Kahramanmaraş-46;F;-25.29;40746;40746
448;Karabük-78;F;-25.29;8068;8068
449;Karaman-70;F;-25.29;8616;8616
450;Kars-36;F;-25.29;11444;11444
451;Kastamonu-37;F;-25.29;11001;11001
452;Kayseri-38;F;-25.29;50224;50224
453;Kilis-79;F;-25.29;5355;5355
454;Kırıkkale-71;F;-25.29;9021;9021
455;Kırklareli-39;F;-25.29;11366;11366
456;Kırşehir-40;F;-25.29;7821;7821
457;Kocaeli-41;F;-25.29;78929;78929
458;Konya-42;F;-25.29;79369;79369
459;Kütahya-43;F;-25.29;21594;21594
460;Malatya-44;F;-25.29;27850;27850
461;Manisa-45;F;-25.29;48991;48991
462;Mardin-47;F;-25.29;37435;37435
463;Mersin-33;F;-25.29;64364;64364
464;Muğla-48;F;-25.29;31115;31115
465;Muş-49;F;-25.29;17611;17611
466;Nevşehir-50;F;-25.29;10190;10190
467;Niğde-51;F;-25.29;12289;12289
468;Ordu-52;F;-25.29;23704;23704
469;Osmaniye-80;F;-25.29;18190;18190
470;Rize-53;F;-25.29;11751;11751
471;Sakarya-54;F;-25.29;37556;37556
472;Samsun-55;F;-25.29;46078;46078
473;Şanlıurfa-63;F;-25.29;86028;86028
474;Siirt-56;F;-25.29;14295;14295
475;Sinop-57;F;-25.29;6331;6331
476;Şırnak-73;F;-25.29;24707;24707
477;Sivas-58;F;-25.29;22554;22554
478;Tekirdağ-59;F;-25.29;39876;39876
479;Tokat-60;F;-25.29;19527;19527
480;Trabzon-61;F;-25.29;27724;27724
481;Tunceli-62;F;-25.29;3150;3150
482;Uşak-64;F;-25.29;11869;11869
483;Van-65;F;-25.29;52392;52392
484;Yalova-77;F;-25.29;9269;9269
485;Yozgat-66;F;-25.29;14183;14183
486;Zonguldak-67;F;-25.29;17629;17629
487;Adana-1;M;-30.34;81952;-81952
488;Adıyaman-2;M;-30.34;23655;-23655
489;Afyonkarahisar-3;M;-30.34;26040;-26040
490;Ağrı-4;M;-30.34;19430;-19430
491;Aksaray-68;M;-30.34;15600;-15600
492;Amasya-5;M;-30.34;12616;-12616
493;Ankara-6;M;-30.34;227632;-227632
494;Antalya-7;M;-30.34;99179;-99179
495;Ardahan-75;M;-30.34;3651;-3651
496;Artvin-8;M;-30.34;5986;-5986
497;Aydın-9;M;-30.34;38177;-38177
498;Balıkesir-10;M;-30.34;40880;-40880
499;Bartın-74;M;-30.34;6623;-6623
500;Batman-72;M;-30.34;22543;-22543
501;Bayburt-69;M;-30.34;3024;-3024
502;Bilecik-11;M;-30.34;9229;-9229
503;Bingöl-12;M;-30.34;11951;-11951
504;Bitlis-13;M;-30.34;13522;-13522
505;Bolu-14;M;-30.34;11106;-11106
506;Burdur-15;M;-30.34;8947;-8947
507;Bursa-16;M;-30.34;121415;-121415
508;Çanakkale-17;M;-30.34;18401;-18401
509;Çankırı-18;M;-30.34;6836;-6836
510;Çorum-19;M;-30.34;17365;-17365
511;Denizli-20;M;-30.34;37894;-37894
512;Diyarbakır-21;M;-30.34;69565;-69565
513;Düzce-81;M;-30.34;14385;-14385
514;Edirne-22;M;-30.34;14431;-14431
515;Elazığ-23;M;-30.34;21454;-21454
516;Erzincan-24;M;-30.34;9104;-9104
517;Erzurum-25;M;-30.34;27264;-27264
518;Eskişehir-26;M;-30.34;34391;-34391
519;Gaziantep-27;M;-30.34;81610;-81610
520;Giresun-28;M;-30.34;14331;-14331
521;Gümüşhane-29;M;-30.34;6364;-6364
522;Hakkari-30;M;-30.34;11447;-11447
523;Hatay-31;M;-30.34;57029;-57029
524;Iğdır-76;M;-30.34;7672;-7672
525;Isparta-32;M;-30.34;15086;-15086
526;İstanbul-34;M;-30.34;693476;-693476
527;İzmir-35;M;-30.34;169778;-169778
528;Kahramanmaraş-46;M;-30.34;42141;-42141
529;Karabük-78;M;-30.34;8023;-8023
530;Karaman-70;M;-30.34;9555;-9555
531;Kars-36;M;-30.34;10555;-10555
532;Kastamonu-37;M;-30.34;12392;-12392
533;Kayseri-38;M;-30.34;52937;-52937
534;Kilis-79;M;-30.34;5316;-5316
535;Kırıkkale-71;M;-30.34;9664;-9664
536;Kırklareli-39;M;-30.34;13336;-13336
537;Kırşehir-40;M;-30.34;8565;-8565
538;Kocaeli-41;M;-30.34;84069;-84069
539;Konya-42;M;-30.34;81649;-81649
540;Kütahya-43;M;-30.34;20248;-20248
541;Malatya-44;M;-30.34;28331;-28331
542;Manisa-45;M;-30.34;53453;-53453
543;Mardin-47;M;-30.34;31997;-31997
544;Mersin-33;M;-30.34;65727;-65727
545;Muğla-48;M;-30.34;36254;-36254
546;Muş-49;M;-30.34;14826;-14826
547;Nevşehir-50;M;-30.34;10732;-10732
548;Niğde-51;M;-30.34;12958;-12958
549;Ordu-52;M;-30.34;24490;-24490
550;Osmaniye-80;M;-30.34;18683;-18683
551;Rize-53;M;-30.34;12060;-12060
552;Sakarya-54;M;-30.34;38033;-38033
553;Samsun-55;M;-30.34;47192;-47192
554;Şanlıurfa-63;M;-30.34;74090;-74090
555;Siirt-56;M;-30.34;12164;-12164
556;Sinop-57;M;-30.34;7139;-7139
557;Şırnak-73;M;-30.34;20081;-20081
558;Sivas-58;M;-30.34;22175;-22175
559;Tekirdağ-59;M;-30.34;45655;-45655
560;Tokat-60;M;-30.34;19933;-19933
561;Trabzon-61;M;-30.34;28667;-28667
562;Tunceli-62;M;-30.34;3915;-3915
563;Uşak-64;M;-30.34;13305;-13305
564;Van-65;M;-30.34;45075;-45075
565;Yalova-77;M;-30.34;9687;-9687
566;Yozgat-66;M;-30.34;14663;-14663
567;Zonguldak-67;M;-30.34;20605;-20605
568;Adana-1;F;-30.34;82956;82956
569;Adıyaman-2;F;-30.34;22311;22311
570;Afyonkarahisar-3;F;-30.34;25791;25791
571;Ağrı-4;F;-30.34;16643;16643
572;Aksaray-68;F;-30.34;15127;15127
573;Amasya-5;F;-30.34;11104;11104
574;Ankara-6;F;-30.34;231416;231416
575;Antalya-7;F;-30.34;101026;101026
576;Ardahan-75;F;-30.34;2965;2965
577;Artvin-8;F;-30.34;5411;5411
578;Aydın-9;F;-30.34;37296;37296
579;Balıkesir-10;F;-30.34;39292;39292
580;Bartın-74;F;-30.34;6219;6219
581;Batman-72;F;-30.34;22193;22193
582;Bayburt-69;F;-30.34;2763;2763
583;Bilecik-11;F;-30.34;7779;7779
584;Bingöl-12;F;-30.34;11117;11117
585;Bitlis-13;F;-30.34;11812;11812
586;Bolu-14;F;-30.34;10362;10362
587;Burdur-15;F;-30.34;8164;8164
588;Bursa-16;F;-30.34;120181;120181
589;Çanakkale-17;F;-30.34;17385;17385
590;Çankırı-18;F;-30.34;5862;5862
591;Çorum-19;F;-30.34;16833;16833
592;Denizli-20;F;-30.34;37439;37439
593;Diyarbakır-21;F;-30.34;67764;67764
594;Düzce-81;F;-30.34;14073;14073
595;Edirne-22;F;-30.34;12927;12927
596;Elazığ-23;F;-30.34;21756;21756
597;Erzincan-24;F;-30.34;7831;7831
598;Erzurum-25;F;-30.34;26272;26272
599;Eskişehir-26;F;-30.34;32476;32476
600;Gaziantep-27;F;-30.34;78919;78919
601;Giresun-28;F;-30.34;13481;13481
602;Gümüşhane-29;F;-30.34;5331;5331
603;Hakkari-30;F;-30.34;9820;9820
604;Hatay-31;F;-30.34;58595;58595
605;Iğdır-76;F;-30.34;6953;6953
606;Isparta-32;F;-30.34;14411;14411
607;İstanbul-34;F;-30.34;681692;681692
608;İzmir-35;F;-30.34;166502;166502
609;Kahramanmaraş-46;F;-30.34;41456;41456
610;Karabük-78;F;-30.34;7354;7354
611;Karaman-70;F;-30.34;8756;8756
612;Kars-36;F;-30.34;9335;9335
613;Kastamonu-37;F;-30.34;11667;11667
614;Kayseri-38;F;-30.34;53239;53239
615;Kilis-79;F;-30.34;4576;4576
616;Kırıkkale-71;F;-30.34;9268;9268
617;Kırklareli-39;F;-30.34;11661;11661
618;Kırşehir-40;F;-30.34;8085;8085
619;Kocaeli-41;F;-30.34;82719;82719
620;Konya-42;F;-30.34;80043;80043
621;Kütahya-43;F;-30.34;20329;20329
622;Malatya-44;F;-30.34;28659;28659
623;Manisa-45;F;-30.34;51780;51780
624;Mardin-47;F;-30.34;30594;30594
625;Mersin-33;F;-30.34;66183;66183
626;Muğla-48;F;-30.34;35238;35238
627;Muş-49;F;-30.34;13690;13690
628;Nevşehir-50;F;-30.34;10701;10701
629;Niğde-51;F;-30.34;11764;11764
630;Ordu-52;F;-30.34;23677;23677
631;Osmaniye-80;F;-30.34;18340;18340
632;Rize-53;F;-30.34;11375;11375
633;Sakarya-54;F;-30.34;37694;37694
634;Samsun-55;F;-30.34;46460;46460
635;Şanlıurfa-63;F;-30.34;71964;71964
636;Siirt-56;F;-30.34;10925;10925
637;Sinop-57;F;-30.34;6559;6559
638;Şırnak-73;F;-30.34;17015;17015
639;Sivas-58;F;-30.34;21215;21215
640;Tekirdağ-59;F;-30.34;42561;42561
641;Tokat-60;F;-30.34;19744;19744
642;Trabzon-61;F;-30.34;27993;27993
643;Tunceli-62;F;-30.34;2896;2896
644;Uşak-64;F;-30.34;13130;13130
645;Van-65;F;-30.34;41651;41651
646;Yalova-77;F;-30.34;9442;9442
647;Yozgat-66;F;-30.34;13851;13851
648;Zonguldak-67;F;-30.34;19797;19797
649;Adana-1;M;-35.39;88602;-88602
650;Adıyaman-2;M;-35.39;23084;-23084
651;Afyonkarahisar-3;M;-35.39;27368;-27368
652;Ağrı-4;M;-35.39;17376;-17376
653;Aksaray-68;M;-35.39;15835;-15835
654;Amasya-5;M;-35.39;12177;-12177
655;Ankara-6;M;-35.39;233215;-233215
656;Antalya-7;M;-35.39;109817;-109817
657;Ardahan-75;M;-35.39;3612;-3612
658;Artvin-8;M;-35.39;6077;-6077
659;Aydın-9;M;-35.39;41508;-41508
660;Balıkesir-10;M;-35.39;44775;-44775
661;Bartın-74;M;-35.39;7564;-7564
662;Batman-72;M;-35.39;20624;-20624
663;Bayburt-69;M;-35.39;2702;-2702
664;Bilecik-11;M;-35.39;9297;-9297
665;Bingöl-12;M;-35.39;10600;-10600
666;Bitlis-13;M;-35.39;11709;-11709
667;Bolu-14;M;-35.39;12001;-12001
668;Burdur-15;M;-35.39;9231;-9231
669;Bursa-16;M;-35.39;131678;-131678
670;Çanakkale-17;M;-35.39;20714;-20714
671;Çankırı-18;M;-35.39;6671;-6671
672;Çorum-19;M;-35.39;19003;-19003
673;Denizli-20;M;-35.39;42749;-42749
674;Diyarbakır-21;M;-35.39;62914;-62914
675;Düzce-81;M;-35.39;15256;-15256
676;Edirne-22;M;-35.39;15029;-15029
677;Elazığ-23;M;-35.39;22089;-22089
678;Erzincan-24;M;-35.39;8345;-8345
679;Erzurum-25;M;-35.39;26523;-26523
680;Eskişehir-26;M;-35.39;35274;-35274
681;Gaziantep-27;M;-35.39;78317;-78317
682;Giresun-28;M;-35.39;15164;-15164
683;Gümüşhane-29;M;-35.39;5703;-5703
684;Hakkari-30;M;-35.39;10251;-10251
685;Hatay-31;M;-35.39;60532;-60532
686;Iğdır-76;M;-35.39;7207;-7207
687;Isparta-32;M;-35.39;16045;-16045
688;İstanbul-34;M;-35.39;721320;-721320
689;İzmir-35;M;-35.39;182984;-182984
690;Kahramanmaraş-46;M;-35.39;45253;-45253
691;Karabük-78;M;-35.39;8581;-8581
692;Karaman-70;M;-35.39;9730;-9730
693;Kars-36;M;-35.39;9945;-9945
694;Kastamonu-37;M;-35.39;13208;-13208
695;Kayseri-38;M;-35.39;57220;-57220
696;Kilis-79;M;-35.39;4787;-4787
697;Kırıkkale-71;M;-35.39;10188;-10188
698;Kırklareli-39;M;-35.39;14493;-14493
699;Kırşehir-40;M;-35.39;8809;-8809
700;Kocaeli-41;M;-35.39;89064;-89064
701;Konya-42;M;-35.39;83902;-83902
702;Kütahya-43;M;-35.39;21620;-21620
703;Malatya-44;M;-35.39;29958;-29958
704;Manisa-45;M;-35.39;57778;-57778
705;Mardin-47;M;-35.39;27306;-27306
706;Mersin-33;M;-35.39;70421;-70421
707;Muğla-48;M;-35.39;41246;-41246
708;Muş-49;M;-35.39;12745;-12745
709;Nevşehir-50;M;-35.39;11523;-11523
710;Niğde-51;M;-35.39;13463;-13463
711;Ordu-52;M;-35.39;27040;-27040
712;Osmaniye-80;M;-35.39;20397;-20397
713;Rize-53;M;-35.39;12363;-12363
714;Sakarya-54;M;-35.39;40509;-40509
715;Samsun-55;M;-35.39;49181;-49181
716;Şanlıurfa-63;M;-35.39;62168;-62168
717;Siirt-56;M;-35.39;10085;-10085
718;Sinop-57;M;-35.39;7336;-7336
719;Şırnak-73;M;-35.39;15450;-15450
720;Sivas-58;M;-35.39;22435;-22435
721;Tekirdağ-59;M;-35.39;48821;-48821
722;Tokat-60;M;-35.39;20854;-20854
723;Trabzon-61;M;-35.39;29737;-29737
724;Tunceli-62;M;-35.39;3604;-3604
725;Uşak-64;M;-35.39;14662;-14662
726;Van-65;M;-35.39;39153;-39153
727;Yalova-77;M;-35.39;9980;-9980
728;Yozgat-66;M;-35.39;14711;-14711
729;Zonguldak-67;M;-35.39;24091;-24091
730;Adana-1;F;-35.39;87954;87954
731;Adıyaman-2;F;-35.39;22301;22301
732;Afyonkarahisar-3;F;-35.39;26091;26091
733;Ağrı-4;F;-35.39;15460;15460
734;Aksaray-68;F;-35.39;15038;15038
735;Amasya-5;F;-35.39;11809;11809
736;Ankara-6;F;-35.39;239837;239837
737;Antalya-7;F;-35.39;108947;108947
738;Ardahan-75;F;-35.39;2940;2940
739;Artvin-8;F;-35.39;5391;5391
740;Aydın-9;F;-35.39;40916;40916
741;Balıkesir-10;F;-35.39;43934;43934
742;Bartın-74;F;-35.39;7268;7268
743;Batman-72;F;-35.39;20422;20422
744;Bayburt-69;F;-35.39;2473;2473
745;Bilecik-11;F;-35.39;8117;8117
746;Bingöl-12;F;-35.39;10069;10069
747;Bitlis-13;F;-35.39;10275;10275
748;Bolu-14;F;-35.39;11598;11598
749;Burdur-15;F;-35.39;8667;8667
750;Bursa-16;F;-35.39;130180;130180
751;Çanakkale-17;F;-35.39;20074;20074
752;Çankırı-18;F;-35.39;5893;5893
753;Çorum-19;F;-35.39;18754;18754
754;Denizli-20;F;-35.39;42344;42344
755;Diyarbakır-21;F;-35.39;62035;62035
756;Düzce-81;F;-35.39;14845;14845
757;Edirne-22;F;-35.39;13904;13904
758;Elazığ-23;F;-35.39;22543;22543
759;Erzincan-24;F;-35.39;7869;7869
760;Erzurum-25;F;-35.39;25916;25916
761;Eskişehir-26;F;-35.39;34645;34645
762;Gaziantep-27;F;-35.39;74391;74391
763;Giresun-28;F;-35.39;14213;14213
764;Gümüşhane-29;F;-35.39;4826;4826
765;Hakkari-30;F;-35.39;9732;9732
766;Hatay-31;F;-35.39;61398;61398
767;Iğdır-76;F;-35.39;6591;6591
768;Isparta-32;F;-35.39;15619;15619
769;İstanbul-34;F;-35.39;708693;708693
770;İzmir-35;F;-35.39;182960;182960
771;Kahramanmaraş-46;F;-35.39;42965;42965
772;Karabük-78;F;-35.39;8161;8161
773;Karaman-70;F;-35.39;9028;9028
774;Kars-36;F;-35.39;9312;9312
775;Kastamonu-37;F;-35.39;12678;12678
776;Kayseri-38;F;-35.39;55901;55901
777;Kilis-79;F;-35.39;4498;4498
778;Kırıkkale-71;F;-35.39;9453;9453
779;Kırklareli-39;F;-35.39;13267;13267
780;Kırşehir-40;F;-35.39;8004;8004
781;Kocaeli-41;F;-35.39;86256;86256
782;Konya-42;F;-35.39;82884;82884
783;Kütahya-43;F;-35.39;21399;21399
784;Malatya-44;F;-35.39;30984;30984
785;Manisa-45;F;-35.39;56089;56089
786;Mardin-47;F;-35.39;26916;26916
787;Mersin-33;F;-35.39;70993;70993
788;Muğla-48;F;-35.39;39523;39523
789;Muş-49;F;-35.39;11956;11956
790;Nevşehir-50;F;-35.39;11195;11195
791;Niğde-51;F;-35.39;12552;12552
792;Ordu-52;F;-35.39;26509;26509
793;Osmaniye-80;F;-35.39;19938;19938
794;Rize-53;F;-35.39;11549;11549
795;Sakarya-54;F;-35.39;40111;40111
796;Samsun-55;F;-35.39;50479;50479
797;Şanlıurfa-63;F;-35.39;61252;61252
798;Siirt-56;F;-35.39;9578;9578
799;Sinop-57;F;-35.39;6943;6943
800;Şırnak-73;F;-35.39;15267;15267
801;Sivas-58;F;-35.39;21166;21166
802;Tekirdağ-59;F;-35.39;45471;45471
803;Tokat-60;F;-35.39;20929;20929
804;Trabzon-61;F;-35.39;29073;29073
805;Tunceli-62;F;-35.39;2794;2794
806;Uşak-64;F;-35.39;14119;14119
807;Van-65;F;-35.39;37084;37084
808;Yalova-77;F;-35.39;10165;10165
809;Yozgat-66;F;-35.39;13514;13514
810;Zonguldak-67;F;-35.39;23197;23197
811;Adana-1;M;-40.44;81661;-81661
812;Adıyaman-2;M;-40.44;19849;-19849
813;Afyonkarahisar-3;M;-40.44;24348;-24348
814;Ağrı-4;M;-40.44;12422;-12422
815;Aksaray-68;M;-40.44;14319;-14319
816;Amasya-5;M;-40.44;11182;-11182
817;Ankara-6;M;-40.44;216980;-216980
818;Antalya-7;M;-40.44;103716;-103716
819;Ardahan-75;M;-40.44;3217;-3217
820;Artvin-8;M;-40.44;5566;-5566
821;Aydın-9;M;-40.44;39556;-39556
822;Balıkesir-10;M;-40.44;45086;-45086
823;Bartın-74;M;-40.44;7380;-7380
824;Batman-72;M;-40.44;16559;-16559
825;Bayburt-69;M;-40.44;2496;-2496
826;Bilecik-11;M;-40.44;8243;-8243
827;Bingöl-12;M;-40.44;8435;-8435
828;Bitlis-13;M;-40.44;8691;-8691
829;Bolu-14;M;-40.44;11248;-11248
830;Burdur-15;M;-40.44;9304;-9304
831;Bursa-16;M;-40.44;120339;-120339
832;Çanakkale-17;M;-40.44;20076;-20076
833;Çankırı-18;M;-40.44;5987;-5987
834;Çorum-19;M;-40.44;18261;-18261
835;Denizli-20;M;-40.44;41574;-41574
836;Diyarbakır-21;M;-40.44;50265;-50265
837;Düzce-81;M;-40.44;15001;-15001
838;Edirne-22;M;-40.44;14912;-14912
839;Elazığ-23;M;-40.44;19561;-19561
840;Erzincan-24;M;-40.44;7776;-7776
841;Erzurum-25;M;-40.44;22906;-22906
842;Eskişehir-26;M;-40.44;33144;-33144
843;Gaziantep-27;M;-40.44;68081;-68081
844;Giresun-28;M;-40.44;14520;-14520
845;Gümüşhane-29;M;-40.44;5354;-5354
846;Hakkari-30;M;-40.44;7216;-7216
847;Hatay-31;M;-40.44;55796;-55796
848;Iğdır-76;M;-40.44;5750;-5750
849;Isparta-32;M;-40.44;15405;-15405
850;İstanbul-34;M;-40.44;644655;-644655
851;İzmir-35;M;-40.44;173908;-173908
852;Kahramanmaraş-46;M;-40.44;39701;-39701
853;Karabük-78;M;-40.44;8405;-8405
854;Karaman-70;M;-40.44;8556;-8556
855;Kars-36;M;-40.44;8493;-8493
856;Kastamonu-37;M;-40.44;12163;-12163
857;Kayseri-38;M;-40.44;51552;-51552
858;Kilis-79;M;-40.44;4121;-4121
859;Kırıkkale-71;M;-40.44;9220;-9220
860;Kırklareli-39;M;-40.44;14042;-14042
861;Kırşehir-40;M;-40.44;8096;-8096
862;Kocaeli-41;M;-40.44;79757;-79757
863;Konya-42;M;-40.44;74609;-74609
864;Kütahya-43;M;-40.44;20947;-20947
865;Malatya-44;M;-40.44;28410;-28410
866;Manisa-45;M;-40.44;53708;-53708
867;Mardin-47;M;-40.44;21518;-21518
868;Mersin-33;M;-40.44;67047;-67047
869;Muğla-48;M;-40.44;40927;-40927
870;Muş-49;M;-40.44;10407;-10407
871;Nevşehir-50;M;-40.44;10504;-10504
872;Niğde-51;M;-40.44;12162;-12162
873;Ordu-52;M;-40.44;25863;-25863
874;Osmaniye-80;M;-40.44;18739;-18739
875;Rize-53;M;-40.44;12240;-12240
876;Sakarya-54;M;-40.44;38745;-38745
877;Samsun-55;M;-40.44;47602;-47602
878;Şanlıurfa-63;M;-40.44;49109;-49109
879;Siirt-56;M;-40.44;7736;-7736
880;Sinop-57;M;-40.44;6711;-6711
881;Şırnak-73;M;-40.44;10865;-10865
882;Sivas-58;M;-40.44;20558;-20558
883;Tekirdağ-59;M;-40.44;43853;-43853
884;Tokat-60;M;-40.44;20152;-20152
885;Trabzon-61;M;-40.44;28056;-28056
886;Tunceli-62;M;-40.44;3210;-3210
887;Uşak-64;M;-40.44;13650;-13650
888;Van-65;M;-40.44;28027;-28027
889;Yalova-77;M;-40.44;9676;-9676
890;Yozgat-66;M;-40.44;13321;-13321
891;Zonguldak-67;M;-40.44;23695;-23695
892;Adana-1;F;-40.44;81395;81395
893;Adıyaman-2;F;-40.44;19510;19510
894;Afyonkarahisar-3;F;-40.44;24344;24344
895;Ağrı-4;F;-40.44;11076;11076
896;Aksaray-68;F;-40.44;13942;13942
897;Amasya-5;F;-40.44;11201;11201
898;Ankara-6;F;-40.44;222934;222934
899;Antalya-7;F;-40.44;101409;101409
900;Ardahan-75;F;-40.44;2663;2663
901;Artvin-8;F;-40.44;5017;5017
902;Aydın-9;F;-40.44;39782;39782
903;Balıkesir-10;F;-40.44;44242;44242
904;Bartın-74;F;-40.44;7125;7125
905;Batman-72;F;-40.44;16334;16334
906;Bayburt-69;F;-40.44;2103;2103
907;Bilecik-11;F;-40.44;7432;7432
908;Bingöl-12;F;-40.44;8329;8329
909;Bitlis-13;F;-40.44;7744;7744
910;Bolu-14;F;-40.44;10938;10938
911;Burdur-15;F;-40.44;8717;8717
912;Bursa-16;F;-40.44;117919;117919
913;Çanakkale-17;F;-40.44;19134;19134
914;Çankırı-18;F;-40.44;5579;5579
915;Çorum-19;F;-40.44;18236;18236
916;Denizli-20;F;-40.44;40540;40540
917;Diyarbakır-21;F;-40.44;49386;49386
918;Düzce-81;F;-40.44;13746;13746
919;Edirne-22;F;-40.44;13977;13977
920;Elazığ-23;F;-40.44;20569;20569
921;Erzincan-24;F;-40.44;7069;7069
922;Erzurum-25;F;-40.44;22087;22087
923;Eskişehir-26;F;-40.44;33658;33658
924;Gaziantep-27;F;-40.44;63597;63597
925;Giresun-28;F;-40.44;13460;13460
926;Gümüşhane-29;F;-40.44;4458;4458
927;Hakkari-30;F;-40.44;7047;7047
928;Hatay-31;F;-40.44;55217;55217
929;Iğdır-76;F;-40.44;5106;5106
930;Isparta-32;F;-40.44;15234;15234
931;İstanbul-34;F;-40.44;633554;633554
932;İzmir-35;F;-40.44;174484;174484
933;Kahramanmaraş-46;F;-40.44;37026;37026
934;Karabük-78;F;-40.44;8501;8501
935;Karaman-70;F;-40.44;8252;8252
936;Kars-36;F;-40.44;7502;7502
937;Kastamonu-37;F;-40.44;11492;11492
938;Kayseri-38;F;-40.44;49803;49803
939;Kilis-79;F;-40.44;3954;3954
940;Kırıkkale-71;F;-40.44;8967;8967
941;Kırklareli-39;F;-40.44;13113;13113
942;Kırşehir-40;F;-40.44;7910;7910
943;Kocaeli-41;F;-40.44;74560;74560
944;Konya-42;F;-40.44;74093;74093
945;Kütahya-43;F;-40.44;20593;20593
946;Malatya-44;F;-40.44;28442;28442
947;Manisa-45;F;-40.44;51238;51238
948;Mardin-47;F;-40.44;22011;22011
949;Mersin-33;F;-40.44;68012;68012
950;Muğla-48;F;-40.44;38329;38329
951;Muş-49;F;-40.44;9628;9628
952;Nevşehir-50;F;-40.44;9967;9967
953;Niğde-51;F;-40.44;11427;11427
954;Ordu-52;F;-40.44;24955;24955
955;Osmaniye-80;F;-40.44;18410;18410
956;Rize-53;F;-40.44;11381;11381
957;Sakarya-54;F;-40.44;37546;37546
958;Samsun-55;F;-40.44;47598;47598
959;Şanlıurfa-63;F;-40.44;48099;48099
960;Siirt-56;F;-40.44;7415;7415
961;Sinop-57;F;-40.44;6188;6188
962;Şırnak-73;F;-40.44;11701;11701
963;Sivas-58;F;-40.44;19932;19932
964;Tekirdağ-59;F;-40.44;39517;39517
965;Tokat-60;F;-40.44;19706;19706
966;Trabzon-61;F;-40.44;26479;26479
967;Tunceli-62;F;-40.44;2377;2377
968;Uşak-64;F;-40.44;13473;13473
969;Van-65;F;-40.44;25532;25532
970;Yalova-77;F;-40.44;9785;9785
971;Yozgat-66;F;-40.44;12570;12570
972;Zonguldak-67;F;-40.44;22708;22708
973;Adana-1;M;-45.49;74344;-74344
974;Adıyaman-2;M;-45.49;18310;-18310
975;Afyonkarahisar-3;M;-45.49;22843;-22843
976;Ağrı-4;M;-45.49;13029;-13029
977;Aksaray-68;M;-45.49;13021;-13021
978;Amasya-5;M;-45.49;10851;-10851
979;Ankara-6;M;-45.49;198471;-198471
980;Antalya-7;M;-45.49;96275;-96275
981;Ardahan-75;M;-45.49;3398;-3398
982;Artvin-8;M;-45.49;6004;-6004
983;Aydın-9;M;-45.49;38036;-38036
984;Balıkesir-10;M;-45.49;44154;-44154
985;Bartın-74;M;-45.49;6840;-6840
986;Batman-72;M;-45.49;14412;-14412
987;Bayburt-69;M;-45.49;2362;-2362
988;Bilecik-11;M;-45.49;7736;-7736
989;Bingöl-12;M;-45.49;8080;-8080
990;Bitlis-13;M;-45.49;8844;-8844
991;Bolu-14;M;-45.49;10639;-10639
992;Burdur-15;M;-45.49;8918;-8918
993;Bursa-16;M;-45.49;110819;-110819
994;Çanakkale-17;M;-45.49;18877;-18877
995;Çankırı-18;M;-45.49;5989;-5989
996;Çorum-19;M;-45.49;17616;-17616
997;Denizli-20;M;-45.49;37075;-37075
998;Diyarbakır-21;M;-45.49;43305;-43305
999;Düzce-81;M;-45.49;13504;-13504
1000;Edirne-22;M;-45.49;13852;-13852
1001;Elazığ-23;M;-45.49;19188;-19188
1002;Erzincan-24;M;-45.49;7481;-7481
1003;Erzurum-25;M;-45.49;22377;-22377
1004;Eskişehir-26;M;-45.49;31335;-31335
1005;Gaziantep-27;M;-45.49;56495;-56495
1006;Giresun-28;M;-45.49;14625;-14625
1007;Gümüşhane-29;M;-45.49;5146;-5146
1008;Hakkari-30;M;-45.49;5758;-5758
1009;Hatay-31;M;-45.49;52231;-52231
1010;Iğdır-76;M;-45.49;5434;-5434
1011;Isparta-32;M;-45.49;14538;-14538
1012;İstanbul-34;M;-45.49;578228;-578228
1013;İzmir-35;M;-45.49;159804;-159804
1014;Kahramanmaraş-46;M;-45.49;35702;-35702
1015;Karabük-78;M;-45.49;8328;-8328
1016;Karaman-70;M;-45.49;8427;-8427
1017;Kars-36;M;-45.49;8466;-8466
1018;Kastamonu-37;M;-45.49;11472;-11472
1019;Kayseri-38;M;-45.49;46971;-46971
1020;Kilis-79;M;-45.49;3958;-3958
1021;Kırıkkale-71;M;-45.49;9446;-9446
1022;Kırklareli-39;M;-45.49;12952;-12952
1023;Kırşehir-40;M;-45.49;7794;-7794
1024;Kocaeli-41;M;-45.49;68337;-68337
1025;Konya-42;M;-45.49;68998;-68998
1026;Kütahya-43;M;-45.49;19355;-19355
1027;Malatya-44;M;-45.49;26471;-26471
1028;Manisa-45;M;-45.49;49294;-49294
1029;Mardin-47;M;-45.49;20044;-20044
1030;Mersin-33;M;-45.49;64309;-64309
1031;Muğla-48;M;-45.49;38486;-38486
1032;Muş-49;M;-45.49;9246;-9246
1033;Nevşehir-50;M;-45.49;9839;-9839
1034;Niğde-51;M;-45.49;11965;-11965
1035;Ordu-52;M;-45.49;26582;-26582
1036;Osmaniye-80;M;-45.49;17563;-17563
1037;Rize-53;M;-45.49;12794;-12794
1038;Sakarya-54;M;-45.49;35063;-35063
1039;Samsun-55;M;-45.49;45307;-45307
1040;Şanlıurfa-63;M;-45.49;41530;-41530
1041;Siirt-56;M;-45.49;6921;-6921
1042;Sinop-57;M;-45.49;6495;-6495
1043;Şırnak-73;M;-45.49;9239;-9239
1044;Sivas-58;M;-45.49;19100;-19100
1045;Tekirdağ-59;M;-45.49;38382;-38382
1046;Tokat-60;M;-45.49;19894;-19894
1047;Trabzon-61;M;-45.49;27344;-27344
1048;Tunceli-62;M;-45.49;3165;-3165
1049;Uşak-64;M;-45.49;12875;-12875
1050;Van-65;M;-45.49;27320;-27320
1051;Yalova-77;M;-45.49;9404;-9404
1052;Yozgat-66;M;-45.49;12900;-12900
1053;Zonguldak-67;M;-45.49;20856;-20856
1054;Adana-1;F;-45.49;75371;75371
1055;Adıyaman-2;F;-45.49;17985;17985
1056;Afyonkarahisar-3;F;-45.49;23277;23277
1057;Ağrı-4;F;-45.49;11383;11383
1058;Aksaray-68;F;-45.49;13362;13362
1059;Amasya-5;F;-45.49;11078;11078
1060;Ankara-6;F;-45.49;206136;206136
1061;Antalya-7;F;-45.49;94572;94572
1062;Ardahan-75;F;-45.49;2877;2877
1063;Artvin-8;F;-45.49;5811;5811
1064;Aydın-9;F;-45.49;38231;38231
1065;Balıkesir-10;F;-45.49;44662;44662
1066;Bartın-74;F;-45.49;6925;6925
1067;Batman-72;F;-45.49;13665;13665
1068;Bayburt-69;F;-45.49;2487;2487
1069;Bilecik-11;F;-45.49;7327;7327
1070;Bingöl-12;F;-45.49;7970;7970
1071;Bitlis-13;F;-45.49;8059;8059
1072;Bolu-14;F;-45.49;10596;10596
1073;Burdur-15;F;-45.49;8884;8884
1074;Bursa-16;F;-45.49;109833;109833
1075;Çanakkale-17;F;-45.49;19021;19021
1076;Çankırı-18;F;-45.49;5912;5912
1077;Çorum-19;F;-45.49;17836;17836
1078;Denizli-20;F;-45.49;36212;36212
1079;Diyarbakır-21;F;-45.49;42334;42334
1080;Düzce-81;F;-45.49;13419;13419
1081;Edirne-22;F;-45.49;13692;13692
1082;Elazığ-23;F;-45.49;21003;21003
1083;Erzincan-24;F;-45.49;7042;7042
1084;Erzurum-25;F;-45.49;22042;22042
1085;Eskişehir-26;F;-45.49;32249;32249
1086;Gaziantep-27;F;-45.49;54438;54438
1087;Giresun-28;F;-45.49;14285;14285
1088;Gümüşhane-29;F;-45.49;4890;4890
1089;Hakkari-30;F;-45.49;5161;5161
1090;Hatay-31;F;-45.49;53132;53132
1091;Iğdır-76;F;-45.49;5107;5107
1092;Isparta-32;F;-45.49;14720;14720
1093;İstanbul-34;F;-45.49;567468;567468
1094;İzmir-35;F;-45.49;163963;163963
1095;Kahramanmaraş-46;F;-45.49;34670;34670
1096;Karabük-78;F;-45.49;8447;8447
1097;Karaman-70;F;-45.49;8169;8169
1098;Kars-36;F;-45.49;7575;7575
1099;Kastamonu-37;F;-45.49;11797;11797
1100;Kayseri-38;F;-45.49;46125;46125
1101;Kilis-79;F;-45.49;3725;3725
1102;Kırıkkale-71;F;-45.49;9589;9589
1103;Kırklareli-39;F;-45.49;12344;12344
1104;Kırşehir-40;F;-45.49;7798;7798
1105;Kocaeli-41;F;-45.49;66152;66152
1106;Konya-42;F;-45.49;70796;70796
1107;Kütahya-43;F;-45.49;20052;20052
1108;Malatya-44;F;-45.49;27294;27294
1109;Manisa-45;F;-45.49;49607;49607
1110;Mardin-47;F;-45.49;20417;20417
1111;Mersin-33;F;-45.49;65390;65390
1112;Muğla-48;F;-45.49;36403;36403
1113;Muş-49;F;-45.49;8296;8296
1114;Nevşehir-50;F;-45.49;9718;9718
1115;Niğde-51;F;-45.49;11781;11781
1116;Ordu-52;F;-45.49;26393;26393
1117;Osmaniye-80;F;-45.49;17919;17919
1118;Rize-53;F;-45.49;12187;12187
1119;Sakarya-54;F;-45.49;35150;35150
1120;Samsun-55;F;-45.49;47513;47513
1121;Şanlıurfa-63;F;-45.49;41050;41050
1122;Siirt-56;F;-45.49;6395;6395
1123;Sinop-57;F;-45.49;6721;6721
1124;Şırnak-73;F;-45.49;9090;9090
1125;Sivas-58;F;-45.49;19309;19309
1126;Tekirdağ-59;F;-45.49;35999;35999
1127;Tokat-60;F;-45.49;20326;20326
1128;Trabzon-61;F;-45.49;27002;27002
1129;Tunceli-62;F;-45.49;2673;2673
1130;Uşak-64;F;-45.49;12702;12702
1131;Van-65;F;-45.49;25533;25533
1132;Yalova-77;F;-45.49;9561;9561
1133;Yozgat-66;F;-45.49;13054;13054
1134;Zonguldak-67;F;-45.49;21582;21582
1135;Adana-1;M;-50.54;63073;-63073
1136;Adıyaman-2;M;-50.54;14761;-14761
1137;Afyonkarahisar-3;M;-50.54;21566;-21566
1138;Ağrı-4;M;-50.54;8519;-8519
1139;Aksaray-68;M;-50.54;10626;-10626
1140;Amasya-5;M;-50.54;10483;-10483
1141;Ankara-6;M;-50.54;173111;-173111
1142;Antalya-7;M;-50.54;80536;-80536
1143;Ardahan-75;M;-50.54;2652;-2652
1144;Artvin-8;M;-50.54;5885;-5885
1145;Aydın-9;M;-50.54;36331;-36331
1146;Balıkesir-10;M;-50.54;42794;-42794
1147;Bartın-74;M;-50.54;6255;-6255
1148;Batman-72;M;-50.54;10491;-10491
1149;Bayburt-69;M;-50.54;2197;-2197
1150;Bilecik-11;M;-50.54;7052;-7052
1151;Bingöl-12;M;-50.54;6073;-6073
1152;Bitlis-13;M;-50.54;6718;-6718
1153;Bolu-14;M;-50.54;9283;-9283
1154;Burdur-15;M;-50.54;8601;-8601
1155;Bursa-16;M;-50.54;95477;-95477
1156;Çanakkale-17;M;-50.54;18490;-18490
1157;Çankırı-18;M;-50.54;6156;-6156
1158;Çorum-19;M;-50.54;16429;-16429
1159;Denizli-20;M;-50.54;33910;-33910
1160;Diyarbakır-21;M;-50.54;32288;-32288
1161;Düzce-81;M;-50.54;11814;-11814
1162;Edirne-22;M;-50.54;14270;-14270
1163;Elazığ-23;M;-50.54;16597;-16597
1164;Erzincan-24;M;-50.54;6578;-6578
1165;Erzurum-25;M;-50.54;18004;-18004
1166;Eskişehir-26;M;-50.54;28756;-28756
1167;Gaziantep-27;M;-50.54;44037;-44037
1168;Giresun-28;M;-50.54;15288;-15288
1169;Gümüşhane-29;M;-50.54;4905;-4905
1170;Hakkari-30;M;-50.54;4087;-4087
1171;Hatay-31;M;-50.54;45249;-45249
1172;Iğdır-76;M;-50.54;4141;-4141
1173;Isparta-32;M;-50.54;13035;-13035
1174;İstanbul-34;M;-50.54;453346;-453346
1175;İzmir-35;M;-50.54;140765;-140765
1176;Kahramanmaraş-46;M;-50.54;28333;-28333
1177;Karabük-78;M;-50.54;7906;-7906
1178;Karaman-70;M;-50.54;7317;-7317
1179;Kars-36;M;-50.54;6601;-6601
1180;Kastamonu-37;M;-50.54;11145;-11145
1181;Kayseri-38;M;-50.54;39403;-39403
1182;Kilis-79;M;-50.54;3387;-3387
1183;Kırıkkale-71;M;-50.54;9740;-9740
1184;Kırklareli-39;M;-50.54;12515;-12515
1185;Kırşehir-40;M;-50.54;7980;-7980
1186;Kocaeli-41;M;-50.54;55223;-55223
1187;Konya-42;M;-50.54;61003;-61003
1188;Kütahya-43;M;-50.54;17657;-17657
1189;Malatya-44;M;-50.54;22632;-22632
1190;Manisa-45;M;-50.54;46337;-46337
1191;Mardin-47;M;-50.54;14391;-14391
1192;Mersin-33;M;-50.54;56915;-56915
1193;Muğla-48;M;-50.54;35112;-35112
1194;Muş-49;M;-50.54;7216;-7216
1195;Nevşehir-50;M;-50.54;8993;-8993
1196;Niğde-51;M;-50.54;10352;-10352
1197;Ordu-52;M;-50.54;25412;-25412
1198;Osmaniye-80;M;-50.54;15240;-15240
1199;Rize-53;M;-50.54;12554;-12554
1200;Sakarya-54;M;-50.54;31033;-31033
1201;Samsun-55;M;-50.54;42540;-42540
1202;Şanlıurfa-63;M;-50.54;32814;-32814
1203;Siirt-56;M;-50.54;5434;-5434
1204;Sinop-57;M;-50.54;6571;-6571
1205;Şırnak-73;M;-50.54;6678;-6678
1206;Sivas-58;M;-50.54;17920;-17920
1207;Tekirdağ-59;M;-50.54;32476;-32476
1208;Tokat-60;M;-50.54;18956;-18956
1209;Trabzon-61;M;-50.54;25738;-25738
1210;Tunceli-62;M;-50.54;2381;-2381
1211;Uşak-64;M;-50.54;11562;-11562
1212;Van-65;M;-50.54;19203;-19203
1213;Yalova-77;M;-50.54;8354;-8354
1214;Yozgat-66;M;-50.54;12405;-12405
1215;Zonguldak-67;M;-50.54;19519;-19519
1216;Adana-1;F;-50.54;62905;62905
1217;Adıyaman-2;F;-50.54;13312;13312
1218;Afyonkarahisar-3;F;-50.54;21163;21163
1219;Ağrı-4;F;-50.54;6922;6922
1220;Aksaray-68;F;-50.54;10479;10479
1221;Amasya-5;F;-50.54;10609;10609
1222;Ankara-6;F;-50.54;176359;176359
1223;Antalya-7;F;-50.54;77548;77548
1224;Ardahan-75;F;-50.54;2348;2348
1225;Artvin-8;F;-50.54;5451;5451
1226;Aydın-9;F;-50.54;36083;36083
1227;Balıkesir-10;F;-50.54;43895;43895
1228;Bartın-74;F;-50.54;6650;6650
1229;Batman-72;F;-50.54;9592;9592
1230;Bayburt-69;F;-50.54;1996;1996
1231;Bilecik-11;F;-50.54;6585;6585
1232;Bingöl-12;F;-50.54;5463;5463
1233;Bitlis-13;F;-50.54;5288;5288
1234;Bolu-14;F;-50.54;9398;9398
1235;Burdur-15;F;-50.54;8433;8433
1236;Bursa-16;F;-50.54;92961;92961
1237;Çanakkale-17;F;-50.54;18410;18410
1238;Çankırı-18;F;-50.54;6081;6081
1239;Çorum-19;F;-50.54;15698;15698
1240;Denizli-20;F;-50.54;32808;32808
1241;Diyarbakır-21;F;-50.54;31131;31131
1242;Düzce-81;F;-50.54;11239;11239
1243;Edirne-22;F;-50.54;14216;14216
1244;Elazığ-23;F;-50.54;16503;16503
1245;Erzincan-24;F;-50.54;6209;6209
1246;Erzurum-25;F;-50.54;16582;16582
1247;Eskişehir-26;F;-50.54;29832;29832
1248;Gaziantep-27;F;-50.54;40956;40956
1249;Giresun-28;F;-50.54;14350;14350
1250;Gümüşhane-29;F;-50.54;4352;4352
1251;Hakkari-30;F;-50.54;3871;3871
1252;Hatay-31;F;-50.54;43532;43532
1253;Iğdır-76;F;-50.54;3738;3738
1254;Isparta-32;F;-50.54;13440;13440
1255;İstanbul-34;F;-50.54;438690;438690
1256;İzmir-35;F;-50.54;142992;142992
1257;Kahramanmaraş-46;F;-50.54;26381;26381
1258;Karabük-78;F;-50.54;8047;8047
1259;Karaman-70;F;-50.54;7255;7255
1260;Kars-36;F;-50.54;5676;5676
1261;Kastamonu-37;F;-50.54;11129;11129
1262;Kayseri-38;F;-50.54;38233;38233
1263;Kilis-79;F;-50.54;3271;3271
1264;Kırıkkale-71;F;-50.54;9124;9124
1265;Kırklareli-39;F;-50.54;12094;12094
1266;Kırşehir-40;F;-50.54;7469;7469
1267;Kocaeli-41;F;-50.54;52532;52532
1268;Konya-42;F;-50.54;61926;61926
1269;Kütahya-43;F;-50.54;18572;18572
1270;Malatya-44;F;-50.54;21387;21387
1271;Manisa-45;F;-50.54;45726;45726
1272;Mardin-47;F;-50.54;13554;13554
1273;Mersin-33;F;-50.54;56455;56455
1274;Muğla-48;F;-50.54;33309;33309
1275;Muş-49;F;-50.54;5759;5759
1276;Nevşehir-50;F;-50.54;9114;9114
1277;Niğde-51;F;-50.54;10042;10042
1278;Ordu-52;F;-50.54;23682;23682
1279;Osmaniye-80;F;-50.54;14557;14557
1280;Rize-53;F;-50.54;11425;11425
1281;Sakarya-54;F;-50.54;30176;30176
1282;Samsun-55;F;-50.54;42190;42190
1283;Şanlıurfa-63;F;-50.54;30560;30560
1284;Siirt-56;F;-50.54;4873;4873
1285;Sinop-57;F;-50.54;6627;6627
1286;Şırnak-73;F;-50.54;6555;6555
1287;Sivas-58;F;-50.54;17194;17194
1288;Tekirdağ-59;F;-50.54;30178;30178
1289;Tokat-60;F;-50.54;18209;18209
1290;Trabzon-61;F;-50.54;24563;24563
1291;Tunceli-62;F;-50.54;2198;2198
1292;Uşak-64;F;-50.54;11497;11497
1293;Van-65;F;-50.54;16663;16663
1294;Yalova-77;F;-50.54;8568;8568
1295;Yozgat-66;F;-50.54;12124;12124
1296;Zonguldak-67;F;-50.54;20832;20832
1297;Adana-1;M;-55.59;58703;-58703
1298;Adıyaman-2;M;-55.59;12776;-12776
1299;Afyonkarahisar-3;M;-55.59;21045;-21045
1300;Ağrı-4;M;-55.59;8739;-8739
1301;Aksaray-68;M;-55.59;9587;-9587
1302;Amasya-5;M;-55.59;10867;-10867
1303;Ankara-6;M;-55.59;156506;-156506
1304;Antalya-7;M;-55.59;71809;-71809
1305;Ardahan-75;M;-55.59;2628;-2628
1306;Artvin-8;M;-55.59;6087;-6087
1307;Aydın-9;M;-55.59;37111;-37111
1308;Balıkesir-10;M;-55.59;42705;-42705
1309;Bartın-74;M;-55.59;6545;-6545
1310;Batman-72;M;-55.59;8431;-8431
1311;Bayburt-69;M;-55.59;2028;-2028
1312;Bilecik-11;M;-55.59;6766;-6766
1313;Bingöl-12;M;-55.59;5515;-5515
1314;Bitlis-13;M;-55.59;6055;-6055
1315;Bolu-14;M;-55.59;9183;-9183
1316;Burdur-15;M;-55.59;8794;-8794
1317;Bursa-16;M;-55.59;85800;-85800
1318;Çanakkale-17;M;-55.59;18285;-18285
1319;Çankırı-18;M;-55.59;6743;-6743
1320;Çorum-19;M;-55.59;16861;-16861
1321;Denizli-20;M;-55.59;30990;-30990
1322;Diyarbakır-21;M;-55.59;27182;-27182
1323;Düzce-81;M;-55.59;11334;-11334
1324;Edirne-22;M;-55.59;15041;-15041
1325;Elazığ-23;M;-55.59;15319;-15319
1326;Erzincan-24;M;-55.59;6286;-6286
1327;Erzurum-25;M;-55.59;16749;-16749
1328;Eskişehir-26;M;-55.59;27567;-27567
1329;Gaziantep-27;M;-55.59;38006;-38006
1330;Giresun-28;M;-55.59;16905;-16905
1331;Gümüşhane-29;M;-55.59;4901;-4901
1332;Hakkari-30;M;-55.59;3734;-3734
1333;Hatay-31;M;-55.59;40976;-40976
1334;Iğdır-76;M;-55.59;3942;-3942
1335;Isparta-32;M;-55.59;13147;-13147
1336;İstanbul-34;M;-55.59;379429;-379429
1337;İzmir-35;M;-55.59;134127;-134127
1338;Kahramanmaraş-46;M;-55.59;26405;-26405
1339;Karabük-78;M;-55.59;7557;-7557
1340;Karaman-70;M;-55.59;6729;-6729
1341;Kars-36;M;-55.59;6381;-6381
1342;Kastamonu-37;M;-55.59;13223;-13223
1343;Kayseri-38;M;-55.59;35359;-35359
1344;Kilis-79;M;-55.59;3102;-3102
1345;Kırıkkale-71;M;-55.59;9197;-9197
1346;Kırklareli-39;M;-55.59;12660;-12660
1347;Kırşehir-40;M;-55.59;7496;-7496
1348;Kocaeli-41;M;-55.59;47928;-47928
1349;Konya-42;M;-55.59;57425;-57425
1350;Kütahya-43;M;-55.59;18807;-18807
1351;Malatya-44;M;-55.59;21421;-21421
1352;Manisa-45;M;-55.59;45444;-45444
1353;Mardin-47;M;-55.59;12126;-12126
1354;Mersin-33;M;-55.59;52401;-52401
1355;Muğla-48;M;-55.59;33472;-33472
1356;Muş-49;M;-55.59;6659;-6659
1357;Nevşehir-50;M;-55.59;8574;-8574
1358;Niğde-51;M;-55.59;9511;-9511
1359;Ordu-52;M;-55.59;25842;-25842
1360;Osmaniye-80;M;-55.59;13948;-13948
1361;Rize-53;M;-55.59;11465;-11465
1362;Sakarya-54;M;-55.59;28800;-28800
1363;Samsun-55;M;-55.59;42076;-42076
1364;Şanlıurfa-63;M;-55.59;28209;-28209
1365;Siirt-56;M;-55.59;4456;-4456
1366;Sinop-57;M;-55.59;7745;-7745
1367;Şırnak-73;M;-55.59;5452;-5452
1368;Sivas-58;M;-55.59;17768;-17768
1369;Tekirdağ-59;M;-55.59;28979;-28979
1370;Tokat-60;M;-55.59;18916;-18916
1371;Trabzon-61;M;-55.59;25435;-25435
1372;Tunceli-62;M;-55.59;2474;-2474
1373;Uşak-64;M;-55.59;11380;-11380
1374;Van-65;M;-55.59;17760;-17760
1375;Yalova-77;M;-55.59;8232;-8232
1376;Yozgat-66;M;-55.59;12702;-12702
1377;Zonguldak-67;M;-55.59;19734;-19734
1378;Adana-1;F;-55.59;60161;60161
1379;Adıyaman-2;F;-55.59;12307;12307
1380;Afyonkarahisar-3;F;-55.59;22047;22047
1381;Ağrı-4;F;-55.59;7967;7967
1382;Aksaray-68;F;-55.59;10328;10328
1383;Amasya-5;F;-55.59;11573;11573
1384;Ankara-6;F;-55.59;162398;162398
1385;Antalya-7;F;-55.59;71192;71192
1386;Ardahan-75;F;-55.59;2578;2578
1387;Artvin-8;F;-55.59;5754;5754
1388;Aydın-9;F;-55.59;37524;37524
1389;Balıkesir-10;F;-55.59;45196;45196
1390;Bartın-74;F;-55.59;7128;7128
1391;Batman-72;F;-55.59;7866;7866
1392;Bayburt-69;F;-55.59;2071;2071
1393;Bilecik-11;F;-55.59;6693;6693
1394;Bingöl-12;F;-55.59;5392;5392
1395;Bitlis-13;F;-55.59;5233;5233
1396;Bolu-14;F;-55.59;9667;9667
1397;Burdur-15;F;-55.59;9120;9120
1398;Bursa-16;F;-55.59;87394;87394
1399;Çanakkale-17;F;-55.59;18856;18856
1400;Çankırı-18;F;-55.59;6823;6823
1401;Çorum-19;F;-55.59;17469;17469
1402;Denizli-20;F;-55.59;31564;31564
1403;Diyarbakır-21;F;-55.59;26642;26642
1404;Düzce-81;F;-55.59;11603;11603
1405;Edirne-22;F;-55.59;15580;15580
1406;Elazığ-23;F;-55.59;16485;16485
1407;Erzincan-24;F;-55.59;6484;6484
1408;Erzurum-25;F;-55.59;17698;17698
1409;Eskişehir-26;F;-55.59;28779;28779
1410;Gaziantep-27;F;-55.59;37359;37359
1411;Giresun-28;F;-55.59;16496;16496
1412;Gümüşhane-29;F;-55.59;4599;4599
1413;Hakkari-30;F;-55.59;3633;3633
1414;Hatay-31;F;-55.59;41035;41035
1415;Iğdır-76;F;-55.59;3961;3961
1416;Isparta-32;F;-55.59;13904;13904
1417;İstanbul-34;F;-55.59;381868;381868
1418;İzmir-35;F;-55.59;137500;137500
1419;Kahramanmaraş-46;F;-55.59;24682;24682
1420;Karabük-78;F;-55.59;7964;7964
1421;Karaman-70;F;-55.59;6979;6979
1422;Kars-36;F;-55.59;6170;6170
1423;Kastamonu-37;F;-55.59;13478;13478
1424;Kayseri-38;F;-55.59;36096;36096
1425;Kilis-79;F;-55.59;3026;3026
1426;Kırıkkale-71;F;-55.59;8998;8998
1427;Kırklareli-39;F;-55.59;12728;12728
1428;Kırşehir-40;F;-55.59;7821;7821
1429;Kocaeli-41;F;-55.59;48531;48531
1430;Konya-42;F;-55.59;60856;60856
1431;Kütahya-43;F;-55.59;20051;20051
1432;Malatya-44;F;-55.59;21323;21323
1433;Manisa-45;F;-55.59;45511;45511
1434;Mardin-47;F;-55.59;12073;12073
1435;Mersin-33;F;-55.59;53790;53790
1436;Muğla-48;F;-55.59;32026;32026
1437;Muş-49;F;-55.59;6009;6009
1438;Nevşehir-50;F;-55.59;8829;8829
1439;Niğde-51;F;-55.59;9618;9618
1440;Ordu-52;F;-55.59;25628;25628
1441;Osmaniye-80;F;-55.59;13502;13502
1442;Rize-53;F;-55.59;11014;11014
1443;Sakarya-54;F;-55.59;29315;29315
1444;Samsun-55;F;-55.59;44275;44275
1445;Şanlıurfa-63;F;-55.59;29108;29108
1446;Siirt-56;F;-55.59;4222;4222
1447;Sinop-57;F;-55.59;8062;8062
1448;Şırnak-73;F;-55.59;4930;4930
1449;Sivas-58;F;-55.59;18204;18204
1450;Tekirdağ-59;F;-55.59;28558;28558
1451;Tokat-60;F;-55.59;19934;19934
1452;Trabzon-61;F;-55.59;26199;26199
1453;Tunceli-62;F;-55.59;2512;2512
1454;Uşak-64;F;-55.59;11775;11775
1455;Van-65;F;-55.59;16805;16805
1456;Yalova-77;F;-55.59;8544;8544
1457;Yozgat-66;F;-55.59;12903;12903
1458;Zonguldak-67;F;-55.59;21567;21567
1459;Adana-1;M;-60.64;47689;-47689
1460;Adıyaman-2;M;-60.64;9797;-9797
1461;Afyonkarahisar-3;M;-60.64;17546;-17546
1462;Ağrı-4;M;-60.64;5941;-5941
1463;Aksaray-68;M;-60.64;8060;-8060
1464;Amasya-5;M;-60.64;9346;-9346
1465;Ankara-6;M;-60.64;121627;-121627
1466;Antalya-7;M;-60.64;54150;-54150
1467;Ardahan-75;M;-60.64;2461;-2461
1468;Artvin-8;M;-60.64;5509;-5509
1469;Aydın-9;M;-60.64;33241;-33241
1470;Balıkesir-10;M;-60.64;38641;-38641
1471;Bartın-74;M;-60.64;6107;-6107
1472;Batman-72;M;-60.64;5914;-5914
1473;Bayburt-69;M;-60.64;1827;-1827
1474;Bilecik-11;M;-60.64;5788;-5788
1475;Bingöl-12;M;-60.64;4295;-4295
1476;Bitlis-13;M;-60.64;4182;-4182
1477;Bolu-14;M;-60.64;8320;-8320
1478;Burdur-15;M;-60.64;7624;-7624
1479;Bursa-16;M;-60.64;70072;-70072
1480;Çanakkale-17;M;-60.64;16952;-16952
1481;Çankırı-18;M;-60.64;6036;-6036
1482;Çorum-19;M;-60.64;14636;-14636
1483;Denizli-20;M;-60.64;25095;-25095
1484;Diyarbakır-21;M;-60.64;18381;-18381
1485;Düzce-81;M;-60.64;9689;-9689
1486;Edirne-22;M;-60.64;14019;-14019
1487;Elazığ-23;M;-60.64;12826;-12826
1488;Erzincan-24;M;-60.64;5736;-5736
1489;Erzurum-25;M;-60.64;13425;-13425
1490;Eskişehir-26;M;-60.64;22468;-22468
1491;Gaziantep-27;M;-60.64;26835;-26835
1492;Giresun-28;M;-60.64;15983;-15983
1493;Gümüşhane-29;M;-60.64;4137;-4137
1494;Hakkari-30;M;-60.64;2411;-2411
1495;Hatay-31;M;-60.64;31341;-31341
1496;Iğdır-76;M;-60.64;3061;-3061
1497;Isparta-32;M;-60.64;11692;-11692
1498;İstanbul-34;M;-60.64;281093;-281093
1499;İzmir-35;M;-60.64;112372;-112372
1500;Kahramanmaraş-46;M;-60.64;20824;-20824
1501;Karabük-78;M;-60.64;6689;-6689
1502;Karaman-70;M;-60.64;5389;-5389
1503;Kars-36;M;-60.64;5021;-5021
1504;Kastamonu-37;M;-60.64;12860;-12860
1505;Kayseri-38;M;-60.64;29504;-29504
1506;Kilis-79;M;-60.64;2197;-2197
1507;Kırıkkale-71;M;-60.64;7397;-7397
1508;Kırklareli-39;M;-60.64;11702;-11702
1509;Kırşehir-40;M;-60.64;6589;-6589
1510;Kocaeli-41;M;-60.64;38047;-38047
1511;Konya-42;M;-60.64;46029;-46029
1512;Kütahya-43;M;-60.64;16045;-16045
1513;Malatya-44;M;-60.64;17555;-17555
1514;Manisa-45;M;-60.64;37934;-37934
1515;Mardin-47;M;-60.64;8609;-8609
1516;Mersin-33;M;-60.64;41746;-41746
1517;Muğla-48;M;-60.64;27345;-27345
1518;Muş-49;M;-60.64;4925;-4925
1519;Nevşehir-50;M;-60.64;7203;-7203
1520;Niğde-51;M;-60.64;7375;-7375
1521;Ordu-52;M;-60.64;22187;-22187
1522;Osmaniye-80;M;-60.64;11550;-11550
1523;Rize-53;M;-60.64;9719;-9719
1524;Sakarya-54;M;-60.64;24676;-24676
1525;Samsun-55;M;-60.64;35454;-35454
1526;Şanlıurfa-63;M;-60.64;18898;-18898
1527;Siirt-56;M;-60.64;3545;-3545
1528;Sinop-57;M;-60.64;7409;-7409
1529;Şırnak-73;M;-60.64;3817;-3817
1530;Sivas-58;M;-60.64;16227;-16227
1531;Tekirdağ-59;M;-60.64;23291;-23291
1532;Tokat-60;M;-60.64;17299;-17299
1533;Trabzon-61;M;-60.64;22660;-22660
1534;Tunceli-62;M;-60.64;2305;-2305
1535;Uşak-64;M;-60.64;9677;-9677
1536;Van-65;M;-60.64;11920;-11920
1537;Yalova-77;M;-60.64;7374;-7374
1538;Yozgat-66;M;-60.64;10949;-10949
1539;Zonguldak-67;M;-60.64;18233;-18233
1540;Adana-1;F;-60.64;48575;48575
1541;Adıyaman-2;F;-60.64;9984;9984
1542;Afyonkarahisar-3;F;-60.64;18211;18211
1543;Ağrı-4;F;-60.64;5944;5944
1544;Aksaray-68;F;-60.64;8675;8675
1545;Amasya-5;F;-60.64;9649;9649
1546;Ankara-6;F;-60.64;126590;126590
1547;Antalya-7;F;-60.64;54938;54938
1548;Ardahan-75;F;-60.64;2237;2237
1549;Artvin-8;F;-60.64;5516;5516
1550;Aydın-9;F;-60.64;33919;33919
1551;Balıkesir-10;F;-60.64;40594;40594
1552;Bartın-74;F;-60.64;6482;6482
1553;Batman-72;F;-60.64;5942;5942
1554;Bayburt-69;F;-60.64;1861;1861
1555;Bilecik-11;F;-60.64;5537;5537
1556;Bingöl-12;F;-60.64;4383;4383
1557;Bitlis-13;F;-60.64;4126;4126
1558;Bolu-14;F;-60.64;8764;8764
1559;Burdur-15;F;-60.64;8216;8216
1560;Bursa-16;F;-60.64;72222;72222
1561;Çanakkale-17;F;-60.64;17351;17351
1562;Çankırı-18;F;-60.64;6078;6078
1563;Çorum-19;F;-60.64;15535;15535
1564;Denizli-20;F;-60.64;25773;25773
1565;Diyarbakır-21;F;-60.64;18523;18523
1566;Düzce-81;F;-60.64;9729;9729
1567;Edirne-22;F;-60.64;14234;14234
1568;Elazığ-23;F;-60.64;13278;13278
1569;Erzincan-24;F;-60.64;5601;5601
1570;Erzurum-25;F;-60.64;13963;13963
1571;Eskişehir-26;F;-60.64;23527;23527
1572;Gaziantep-27;F;-60.64;27395;27395
1573;Giresun-28;F;-60.64;15451;15451
1574;Gümüşhane-29;F;-60.64;3992;3992
1575;Hakkari-30;F;-60.64;2708;2708
1576;Hatay-31;F;-60.64;31671;31671
1577;Iğdır-76;F;-60.64;3111;3111
1578;Isparta-32;F;-60.64;12604;12604
1579;İstanbul-34;F;-60.64;291685;291685
1580;İzmir-35;F;-60.64;117598;117598
1581;Kahramanmaraş-46;F;-60.64;19604;19604
1582;Karabük-78;F;-60.64;7108;7108
1583;Karaman-70;F;-60.64;5763;5763
1584;Kars-36;F;-60.64;4831;4831
1585;Kastamonu-37;F;-60.64;13242;13242
1586;Kayseri-38;F;-60.64;29306;29306
1587;Kilis-79;F;-60.64;2181;2181
1588;Kırıkkale-71;F;-60.64;7598;7598
1589;Kırklareli-39;F;-60.64;11805;11805
1590;Kırşehir-40;F;-60.64;6901;6901
1591;Kocaeli-41;F;-60.64;38528;38528
1592;Konya-42;F;-60.64;48668;48668
1593;Kütahya-43;F;-60.64;16769;16769
1594;Malatya-44;F;-60.64;16638;16638
1595;Manisa-45;F;-60.64;38964;38964
1596;Mardin-47;F;-60.64;9167;9167
1597;Mersin-33;F;-60.64;42451;42451
1598;Muğla-48;F;-60.64;26597;26597
1599;Muş-49;F;-60.64;4779;4779
1600;Nevşehir-50;F;-60.64;7591;7591
1601;Niğde-51;F;-60.64;7809;7809
1602;Ordu-52;F;-60.64;22498;22498
1603;Osmaniye-80;F;-60.64;10944;10944
1604;Rize-53;F;-60.64;9634;9634
1605;Sakarya-54;F;-60.64;24889;24889
1606;Samsun-55;F;-60.64;35268;35268
1607;Şanlıurfa-63;F;-60.64;20209;20209
1608;Siirt-56;F;-60.64;3485;3485
1609;Sinop-57;F;-60.64;7483;7483
1610;Şırnak-73;F;-60.64;3855;3855
1611;Sivas-58;F;-60.64;15948;15948
1612;Tekirdağ-59;F;-60.64;24229;24229
1613;Tokat-60;F;-60.64;17653;17653
1614;Trabzon-61;F;-60.64;22954;22954
1615;Tunceli-62;F;-60.64;2344;2344
1616;Uşak-64;F;-60.64;10010;10010
1617;Van-65;F;-60.64;12423;12423
1618;Yalova-77;F;-60.64;7556;7556
1619;Yozgat-66;F;-60.64;10972;10972
1620;Zonguldak-67;F;-60.64;19443;19443
1621;Adana-1;M;-65.69;35466;-35466
1622;Adıyaman-2;M;-65.69;8001;-8001
1623;Afyonkarahisar-3;M;-65.69;13774;-13774
1624;Ağrı-4;M;-65.69;4313;-4313
1625;Aksaray-68;M;-65.69;6059;-6059
1626;Amasya-5;M;-65.69;7627;-7627
1627;Ankara-6;M;-65.69;86076;-86076
1628;Antalya-7;M;-65.69;39584;-39584
1629;Ardahan-75;M;-65.69;1853;-1853
1630;Artvin-8;M;-65.69;4142;-4142
1631;Aydın-9;M;-65.69;25055;-25055
1632;Balıkesir-10;M;-65.69;31213;-31213
1633;Bartın-74;M;-65.69;5053;-5053
1634;Batman-72;M;-65.69;4335;-4335
1635;Bayburt-69;M;-65.69;1447;-1447
1636;Bilecik-11;M;-65.69;3974;-3974
1637;Bingöl-12;M;-65.69;3010;-3010
1638;Bitlis-13;M;-65.69;2951;-2951
1639;Bolu-14;M;-65.69;6780;-6780
1640;Burdur-15;M;-65.69;6224;-6224
1641;Bursa-16;M;-65.69;51170;-51170
1642;Çanakkale-17;M;-65.69;13719;-13719
1643;Çankırı-18;M;-65.69;5022;-5022
1644;Çorum-19;M;-65.69;12192;-12192
1645;Denizli-20;M;-65.69;19276;-19276
1646;Diyarbakır-21;M;-65.69;14064;-14064
1647;Düzce-81;M;-65.69;6690;-6690
1648;Edirne-22;M;-65.69;10902;-10902
1649;Elazığ-23;M;-65.69;9400;-9400
1650;Erzincan-24;M;-65.69;4576;-4576
1651;Erzurum-25;M;-65.69;10092;-10092
1652;Eskişehir-26;M;-65.69;17351;-17351
1653;Gaziantep-27;M;-65.69;20384;-20384
1654;Giresun-28;M;-65.69;11349;-11349
1655;Gümüşhane-29;M;-65.69;2994;-2994
1656;Hakkari-30;M;-65.69;1527;-1527
1657;Hatay-31;M;-65.69;22431;-22431
1658;Iğdır-76;M;-65.69;2286;-2286
1659;Isparta-32;M;-65.69;9498;-9498
1660;İstanbul-34;M;-65.69;189853;-189853
1661;İzmir-35;M;-65.69;85984;-85984
1662;Kahramanmaraş-46;M;-65.69;15892;-15892
1663;Karabük-78;M;-65.69;5491;-5491
1664;Karaman-70;M;-65.69;4419;-4419
1665;Kars-36;M;-65.69;3416;-3416
1666;Kastamonu-37;M;-65.69;10251;-10251
1667;Kayseri-38;M;-65.69;21609;-21609
1668;Kilis-79;M;-65.69;1769;-1769
1669;Kırıkkale-71;M;-65.69;5915;-5915
1670;Kırklareli-39;M;-65.69;9003;-9003
1671;Kırşehir-40;M;-65.69;4819;-4819
1672;Kocaeli-41;M;-65.69;26611;-26611
1673;Konya-42;M;-65.69;35330;-35330
1674;Kütahya-43;M;-65.69;12789;-12789
1675;Malatya-44;M;-65.69;13358;-13358
1676;Manisa-45;M;-65.69;28533;-28533
1677;Mardin-47;M;-65.69;6260;-6260
1678;Mersin-33;M;-65.69;30753;-30753
1679;Muğla-48;M;-65.69;21057;-21057
1680;Muş-49;M;-65.69;3536;-3536
1681;Nevşehir-50;M;-65.69;5763;-5763
1682;Niğde-51;M;-65.69;5714;-5714
1683;Ordu-52;M;-65.69;17619;-17619
1684;Osmaniye-80;M;-65.69;8573;-8573
1685;Rize-53;M;-65.69;6816;-6816
1686;Sakarya-54;M;-65.69;18050;-18050
1687;Samsun-55;M;-65.69;27346;-27346
1688;Şanlıurfa-63;M;-65.69;14169;-14169
1689;Siirt-56;M;-65.69;2567;-2567
1690;Sinop-57;M;-65.69;6593;-6593
1691;Şırnak-73;M;-65.69;2782;-2782
1692;Sivas-58;M;-65.69;13254;-13254
1693;Tekirdağ-59;M;-65.69;17428;-17428
1694;Tokat-60;M;-65.69;13647;-13647
1695;Trabzon-61;M;-65.69;16139;-16139
1696;Tunceli-62;M;-65.69;1771;-1771
1697;Uşak-64;M;-65.69;7397;-7397
1698;Van-65;M;-65.69;7762;-7762
1699;Yalova-77;M;-65.69;5709;-5709
1700;Yozgat-66;M;-65.69;9407;-9407
1701;Zonguldak-67;M;-65.69;14357;-14357
1702;Adana-1;F;-65.69;38304;38304
1703;Adıyaman-2;F;-65.69;9001;9001
1704;Afyonkarahisar-3;F;-65.69;15168;15168
1705;Ağrı-4;F;-65.69;5273;5273
1706;Aksaray-68;F;-65.69;6927;6927
1707;Amasya-5;F;-65.69;8364;8364
1708;Ankara-6;F;-65.69;95642;95642
1709;Antalya-7;F;-65.69;41263;41263
1710;Ardahan-75;F;-65.69;1965;1965
1711;Artvin-8;F;-65.69;4434;4434
1712;Aydın-9;F;-65.69;26536;26536
1713;Balıkesir-10;F;-65.69;33653;33653
1714;Bartın-74;F;-65.69;5309;5309
1715;Batman-72;F;-65.69;5278;5278
1716;Bayburt-69;F;-65.69;1538;1538
1717;Bilecik-11;F;-65.69;4292;4292
1718;Bingöl-12;F;-65.69;3517;3517
1719;Bitlis-13;F;-65.69;3631;3631
1720;Bolu-14;F;-65.69;7322;7322
1721;Burdur-15;F;-65.69;7008;7008
1722;Bursa-16;F;-65.69;55343;55343
1723;Çanakkale-17;F;-65.69;14454;14454
1724;Çankırı-18;F;-65.69;5529;5529
1725;Çorum-19;F;-65.69;13713;13713
1726;Denizli-20;F;-65.69;20696;20696
1727;Diyarbakır-21;F;-65.69;16306;16306
1728;Düzce-81;F;-65.69;7146;7146
1729;Edirne-22;F;-65.69;11121;11121
1730;Elazığ-23;F;-65.69;10421;10421
1731;Erzincan-24;F;-65.69;4608;4608
1732;Erzurum-25;F;-65.69;11327;11327
1733;Eskişehir-26;F;-65.69;19064;19064
1734;Gaziantep-27;F;-65.69;21843;21843
1735;Giresun-28;F;-65.69;11840;11840
1736;Gümüşhane-29;F;-65.69;3120;3120
1737;Hakkari-30;F;-65.69;2021;2021
1738;Hatay-31;F;-65.69;23644;23644
1739;Iğdır-76;F;-65.69;2691;2691
1740;Isparta-32;F;-65.69;10370;10370
1741;İstanbul-34;F;-65.69;215807;215807
1742;İzmir-35;F;-65.69;95024;95024
1743;Kahramanmaraş-46;F;-65.69;16453;16453
1744;Karabük-78;F;-65.69;5843;5843
1745;Karaman-70;F;-65.69;4776;4776
1746;Kars-36;F;-65.69;3730;3730
1747;Kastamonu-37;F;-65.69;11152;11152
1748;Kayseri-38;F;-65.69;22815;22815
1749;Kilis-79;F;-65.69;2035;2035
1750;Kırıkkale-71;F;-65.69;6407;6407
1751;Kırklareli-39;F;-65.69;9392;9392
1752;Kırşehir-40;F;-65.69;5285;5285
1753;Kocaeli-41;F;-65.69;28373;28373
1754;Konya-42;F;-65.69;40011;40011
1755;Kütahya-43;F;-65.69;13930;13930
1756;Malatya-44;F;-65.69;14265;14265
1757;Manisa-45;F;-65.69;30893;30893
1758;Mardin-47;F;-65.69;7794;7794
1759;Mersin-33;F;-65.69;32914;32914
1760;Muğla-48;F;-65.69;21615;21615
1761;Muş-49;F;-65.69;4266;4266
1762;Nevşehir-50;F;-65.69;6364;6364
1763;Niğde-51;F;-65.69;6395;6395
1764;Ordu-52;F;-65.69;18606;18606
1765;Osmaniye-80;F;-65.69;9100;9100
1766;Rize-53;F;-65.69;7215;7215
1767;Sakarya-54;F;-65.69;18647;18647
1768;Samsun-55;F;-65.69;29070;29070
1769;Şanlıurfa-63;F;-65.69;15426;15426
1770;Siirt-56;F;-65.69;3123;3123
1771;Sinop-57;F;-65.69;6556;6556
1772;Şırnak-73;F;-65.69;3389;3389
1773;Sivas-58;F;-65.69;13831;13831
1774;Tekirdağ-59;F;-65.69;18552;18552
1775;Tokat-60;F;-65.69;15200;15200
1776;Trabzon-61;F;-65.69;16653;16653
1777;Tunceli-62;F;-65.69;1956;1956
1778;Uşak-64;F;-65.69;8035;8035
1779;Van-65;F;-65.69;9542;9542
1780;Yalova-77;F;-65.69;5976;5976
1781;Yozgat-66;F;-65.69;10148;10148
1782;Zonguldak-67;F;-65.69;15055;15055
1783;Adana-1;M;-70.74;22956;-22956
1784;Adıyaman-2;M;-70.74;5689;-5689
1785;Afyonkarahisar-3;M;-70.74;9649;-9649
1786;Ağrı-4;M;-70.74;3118;-3118
1787;Aksaray-68;M;-70.74;5150;-5150
1788;Amasya-5;M;-70.74;6113;-6113
1789;Ankara-6;M;-70.74;57547;-57547
1790;Antalya-7;M;-70.74;26614;-26614
1791;Ardahan-75;M;-70.74;1613;-1613
1792;Artvin-8;M;-70.74;3050;-3050
1793;Aydın-9;M;-70.74;17853;-17853
1794;Balıkesir-10;M;-70.74;23089;-23089
1795;Bartın-74;M;-70.74;3680;-3680
1796;Batman-72;M;-70.74;2846;-2846
1797;Bayburt-69;M;-70.74;1105;-1105
1798;Bilecik-11;M;-70.74;2760;-2760
1799;Bingöl-12;M;-70.74;2283;-2283
1800;Bitlis-13;M;-70.74;2069;-2069
1801;Bolu-14;M;-70.74;4922;-4922
1802;Burdur-15;M;-70.74;4495;-4495
1803;Bursa-16;M;-70.74;33762;-33762
1804;Çanakkale-17;M;-70.74;10042;-10042
1805;Çankırı-18;M;-70.74;3750;-3750
1806;Çorum-19;M;-70.74;9957;-9957
1807;Denizli-20;M;-70.74;13552;-13552
1808;Diyarbakır-21;M;-70.74;9493;-9493
1809;Düzce-81;M;-70.74;4862;-4862
1810;Edirne-22;M;-70.74;7099;-7099
1811;Elazığ-23;M;-70.74;6696;-6696
1812;Erzincan-24;M;-70.74;3384;-3384
1813;Erzurum-25;M;-70.74;8139;-8139
1814;Eskişehir-26;M;-70.74;12071;-12071
1815;Gaziantep-27;M;-70.74;14424;-14424
1816;Giresun-28;M;-70.74;7366;-7366
1817;Gümüşhane-29;M;-70.74;2055;-2055
1818;Hakkari-30;M;-70.74;1069;-1069
1819;Hatay-31;M;-70.74;14958;-14958
1820;Iğdır-76;M;-70.74;1698;-1698
1821;Isparta-32;M;-70.74;6597;-6597
1822;İstanbul-34;M;-70.74;125966;-125966
1823;İzmir-35;M;-70.74;60345;-60345
1824;Kahramanmaraş-46;M;-70.74;12227;-12227
1825;Karabük-78;M;-70.74;4004;-4004
1826;Karaman-70;M;-70.74;3216;-3216
1827;Kars-36;M;-70.74;3116;-3116
1828;Kastamonu-37;M;-70.74;8250;-8250
1829;Kayseri-38;M;-70.74;15252;-15252
1830;Kilis-79;M;-70.74;1421;-1421
1831;Kırıkkale-71;M;-70.74;4171;-4171
1832;Kırklareli-39;M;-70.74;5880;-5880
1833;Kırşehir-40;M;-70.74;3362;-3362
1834;Kocaeli-41;M;-70.74;17967;-17967
1835;Konya-42;M;-70.74;26013;-26013
1836;Kütahya-43;M;-70.74;8959;-8959
1837;Malatya-44;M;-70.74;9767;-9767
1838;Manisa-45;M;-70.74;19567;-19567
1839;Mardin-47;M;-70.74;5037;-5037
1840;Mersin-33;M;-70.74;21501;-21501
1841;Muğla-48;M;-70.74;15115;-15115
1842;Muş-49;M;-70.74;2423;-2423
1843;Nevşehir-50;M;-70.74;4288;-4288
1844;Niğde-51;M;-70.74;4459;-4459
1845;Ordu-52;M;-70.74;12832;-12832
1846;Osmaniye-80;M;-70.74;5672;-5672
1847;Rize-53;M;-70.74;4662;-4662
1848;Sakarya-54;M;-70.74;12630;-12630
1849;Samsun-55;M;-70.74;19050;-19050
1850;Şanlıurfa-63;M;-70.74;9534;-9534
1851;Siirt-56;M;-70.74;1856;-1856
1852;Sinop-57;M;-70.74;5131;-5131
1853;Şırnak-73;M;-70.74;1812;-1812
1854;Sivas-58;M;-70.74;10159;-10159
1855;Tekirdağ-59;M;-70.74;11057;-11057
1856;Tokat-60;M;-70.74;10394;-10394
1857;Trabzon-61;M;-70.74;10924;-10924
1858;Tunceli-62;M;-70.74;1317;-1317
1859;Uşak-64;M;-70.74;5358;-5358
1860;Van-65;M;-70.74;5500;-5500
1861;Yalova-77;M;-70.74;4056;-4056
1862;Yozgat-66;M;-70.74;6974;-6974
1863;Zonguldak-67;M;-70.74;9051;-9051
1864;Adana-1;F;-70.74;27956;27956
1865;Adıyaman-2;F;-70.74;7428;7428
1866;Afyonkarahisar-3;F;-70.74;11923;11923
1867;Ağrı-4;F;-70.74;3862;3862
1868;Aksaray-68;F;-70.74;6486;6486
1869;Amasya-5;F;-70.74;7358;7358
1870;Ankara-6;F;-70.74;71859;71859
1871;Antalya-7;F;-70.74;30116;30116
1872;Ardahan-75;F;-70.74;1895;1895
1873;Artvin-8;F;-70.74;3967;3967
1874;Aydın-9;F;-70.74;20683;20683
1875;Balıkesir-10;F;-70.74;26260;26260
1876;Bartın-74;F;-70.74;4241;4241
1877;Batman-72;F;-70.74;4383;4383
1878;Bayburt-69;F;-70.74;1291;1291
1879;Bilecik-11;F;-70.74;3487;3487
1880;Bingöl-12;F;-70.74;2925;2925
1881;Bitlis-13;F;-70.74;2896;2896
1882;Bolu-14;F;-70.74;5934;5934
1883;Burdur-15;F;-70.74;5763;5763
1884;Bursa-16;F;-70.74;41628;41628
1885;Çanakkale-17;F;-70.74;11328;11328
1886;Çankırı-18;F;-70.74;4446;4446
1887;Çorum-19;F;-70.74;12067;12067
1888;Denizli-20;F;-70.74;17043;17043
1889;Diyarbakır-21;F;-70.74;12992;12992
1890;Düzce-81;F;-70.74;5672;5672
1891;Edirne-22;F;-70.74;8324;8324
1892;Elazığ-23;F;-70.74;8391;8391
1893;Erzincan-24;F;-70.74;4162;4162
1894;Erzurum-25;F;-70.74;10340;10340
1895;Eskişehir-26;F;-70.74;15074;15074
1896;Gaziantep-27;F;-70.74;17152;17152
1897;Giresun-28;F;-70.74;9427;9427
1898;Gümüşhane-29;F;-70.74;2742;2742
1899;Hakkari-30;F;-70.74;1474;1474
1900;Hatay-31;F;-70.74;17179;17179
1901;Iğdır-76;F;-70.74;1892;1892
1902;Isparta-32;F;-70.74;8115;8115
1903;İstanbul-34;F;-70.74;160274;160274
1904;İzmir-35;F;-70.74;71740;71740
1905;Kahramanmaraş-46;F;-70.74;13188;13188
1906;Karabük-78;F;-70.74;4770;4770
1907;Karaman-70;F;-70.74;3913;3913
1908;Kars-36;F;-70.74;3527;3527
1909;Kastamonu-37;F;-70.74;10060;10060
1910;Kayseri-38;F;-70.74;18907;18907
1911;Kilis-79;F;-70.74;1729;1729
1912;Kırıkkale-71;F;-70.74;5331;5331
1913;Kırklareli-39;F;-70.74;6716;6716
1914;Kırşehir-40;F;-70.74;4458;4458
1915;Kocaeli-41;F;-70.74;20961;20961
1916;Konya-42;F;-70.74;32963;32963
1917;Kütahya-43;F;-70.74;11199;11199
1918;Malatya-44;F;-70.74;12178;12178
1919;Manisa-45;F;-70.74;23790;23790
1920;Mardin-47;F;-70.74;6847;6847
1921;Mersin-33;F;-70.74;25071;25071
1922;Muğla-48;F;-70.74;16206;16206
1923;Muş-49;F;-70.74;3085;3085
1924;Nevşehir-50;F;-70.74;5530;5530
1925;Niğde-51;F;-70.74;5635;5635
1926;Ordu-52;F;-70.74;15464;15464
1927;Osmaniye-80;F;-70.74;6696;6696
1928;Rize-53;F;-70.74;6274;6274
1929;Sakarya-54;F;-70.74;14562;14562
1930;Samsun-55;F;-70.74;22800;22800
1931;Şanlıurfa-63;F;-70.74;12533;12533
1932;Siirt-56;F;-70.74;2508;2508
1933;Sinop-57;F;-70.74;5699;5699
1934;Şırnak-73;F;-70.74;2573;2573
1935;Sivas-58;F;-70.74;12270;12270
1936;Tekirdağ-59;F;-70.74;12920;12920
1937;Tokat-60;F;-70.74;12951;12951
1938;Trabzon-61;F;-70.74;14276;14276
1939;Tunceli-62;F;-70.74;1697;1697
1940;Uşak-64;F;-70.74;6449;6449
1941;Van-65;F;-70.74;7163;7163
1942;Yalova-77;F;-70.74;4508;4508
1943;Yozgat-66;F;-70.74;8734;8734
1944;Zonguldak-67;F;-70.74;10747;10747
1945;Adana-1;M;-75.79;12559;-12559
1946;Adıyaman-2;M;-75.79;3819;-3819
1947;Afyonkarahisar-3;M;-75.79;6206;-6206
1948;Ağrı-4;M;-75.79;1856;-1856
1949;Aksaray-68;M;-75.79;2702;-2702
1950;Amasya-5;M;-75.79;3777;-3777
1951;Ankara-6;M;-75.79;34534;-34534
1952;Antalya-7;M;-75.79;16793;-16793
1953;Ardahan-75;M;-75.79;1142;-1142
1954;Artvin-8;M;-75.79;2283;-2283
1955;Aydın-9;M;-75.79;11073;-11073
1956;Balıkesir-10;M;-75.79;15400;-15400
1957;Bartın-74;M;-75.79;2190;-2190
1958;Batman-72;M;-75.79;1934;-1934
1959;Bayburt-69;M;-75.79;817;-817
1960;Bilecik-11;M;-75.79;1982;-1982
1961;Bingöl-12;M;-75.79;1558;-1558
1962;Bitlis-13;M;-75.79;1464;-1464
1963;Bolu-14;M;-75.79;3450;-3450
1964;Burdur-15;M;-75.79;2954;-2954
1965;Bursa-16;M;-75.79;20747;-20747
1966;Çanakkale-17;M;-75.79;6335;-6335
1967;Çankırı-18;M;-75.79;2715;-2715
1968;Çorum-19;M;-75.79;6632;-6632
1969;Denizli-20;M;-75.79;8344;-8344
1970;Diyarbakır-21;M;-75.79;6526;-6526
1971;Düzce-81;M;-75.79;2881;-2881
1972;Edirne-22;M;-75.79;4111;-4111
1973;Elazığ-23;M;-75.79;4496;-4496
1974;Erzincan-24;M;-75.79;2238;-2238
1975;Erzurum-25;M;-75.79;5534;-5534
1976;Eskişehir-26;M;-75.79;7759;-7759
1977;Gaziantep-27;M;-75.79;8317;-8317
1978;Giresun-28;M;-75.79;5224;-5224
1979;Gümüşhane-29;M;-75.79;1483;-1483
1980;Hakkari-30;M;-75.79;759;-759
1981;Hatay-31;M;-75.79;7111;-7111
1982;Iğdır-76;M;-75.79;894;-894
1983;Isparta-32;M;-75.79;4201;-4201
1984;İstanbul-34;M;-75.79;74215;-74215
1985;İzmir-35;M;-75.79;36359;-36359
1986;Kahramanmaraş-46;M;-75.79;8032;-8032
1987;Karabük-78;M;-75.79;2580;-2580
1988;Karaman-70;M;-75.79;2153;-2153
1989;Kars-36;M;-75.79;1923;-1923
1990;Kastamonu-37;M;-75.79;5682;-5682
1991;Kayseri-38;M;-75.79;9301;-9301
1992;Kilis-79;M;-75.79;877;-877
1993;Kırıkkale-71;M;-75.79;2589;-2589
1994;Kırklareli-39;M;-75.79;3503;-3503
1995;Kırşehir-40;M;-75.79;1996;-1996
1996;Kocaeli-41;M;-75.79;10501;-10501
1997;Konya-42;M;-75.79;15272;-15272
1998;Kütahya-43;M;-75.79;6033;-6033
1999;Malatya-44;M;-75.79;6347;-6347
2000;Manisa-45;M;-75.79;11887;-11887
2001;Mardin-47;M;-75.79;3636;-3636
2002;Mersin-33;M;-75.79;12790;-12790
2003;Muğla-48;M;-75.79;9892;-9892
2004;Muş-49;M;-75.79;1497;-1497
2005;Nevşehir-50;M;-75.79;2618;-2618
2006;Niğde-51;M;-75.79;2800;-2800
2007;Ordu-52;M;-75.79;8748;-8748
2008;Osmaniye-80;M;-75.79;3247;-3247
2009;Rize-53;M;-75.79;3209;-3209
2010;Sakarya-54;M;-75.79;7230;-7230
2011;Samsun-55;M;-75.79;12110;-12110
2012;Şanlıurfa-63;M;-75.79;5705;-5705
2013;Siirt-56;M;-75.79;1170;-1170
2014;Sinop-57;M;-75.79;3477;-3477
2015;Şırnak-73;M;-75.79;1298;-1298
2016;Sivas-58;M;-75.79;6961;-6961
2017;Tekirdağ-59;M;-75.79;6332;-6332
2018;Tokat-60;M;-75.79;6772;-6772
2019;Trabzon-61;M;-75.79;7141;-7141
2020;Tunceli-62;M;-75.79;858;-858
2021;Uşak-64;M;-75.79;3514;-3514
2022;Van-65;M;-75.79;3549;-3549
2023;Yalova-77;M;-75.79;2624;-2624
2024;Yozgat-66;M;-75.79;4268;-4268
2025;Zonguldak-67;M;-75.79;5199;-5199
2026;Adana-1;F;-75.79;17199;17199
2027;Adıyaman-2;F;-75.79;4832;4832
2028;Afyonkarahisar-3;F;-75.79;8521;8521
2029;Ağrı-4;F;-75.79;2486;2486
2030;Aksaray-68;F;-75.79;3835;3835
2031;Amasya-5;F;-75.79;5218;5218
2032;Ankara-6;F;-75.79;47740;47740
2033;Antalya-7;F;-75.79;19791;19791
2034;Ardahan-75;F;-75.79;1499;1499
2035;Artvin-8;F;-75.79;3102;3102
2036;Aydın-9;F;-75.79;14136;14136
2037;Balıkesir-10;F;-75.79;19145;19145
2038;Bartın-74;F;-75.79;2779;2779
2039;Batman-72;F;-75.79;2780;2780
2040;Bayburt-69;F;-75.79;944;944
2041;Bilecik-11;F;-75.79;2838;2838
2042;Bingöl-12;F;-75.79;1946;1946
2043;Bitlis-13;F;-75.79;1824;1824
2044;Bolu-14;F;-75.79;4584;4584
2045;Burdur-15;F;-75.79;4144;4144
2046;Bursa-16;F;-75.79;28043;28043
2047;Çanakkale-17;F;-75.79;8240;8240
2048;Çankırı-18;F;-75.79;3455;3455
2049;Çorum-19;F;-75.79;8472;8472
2050;Denizli-20;F;-75.79;11367;11367
2051;Diyarbakır-21;F;-75.79;8628;8628
2052;Düzce-81;F;-75.79;3859;3859
2053;Edirne-22;F;-75.79;5471;5471
2054;Elazığ-23;F;-75.79;5779;5779
2055;Erzincan-24;F;-75.79;3167;3167
2056;Erzurum-25;F;-75.79;7167;7167
2057;Eskişehir-26;F;-75.79;10601;10601
2058;Gaziantep-27;F;-75.79;11252;11252
2059;Giresun-28;F;-75.79;7557;7557
2060;Gümüşhane-29;F;-75.79;2009;2009
2061;Hakkari-30;F;-75.79;834;834
2062;Hatay-31;F;-75.79;9433;9433
2063;Iğdır-76;F;-75.79;1104;1104
2064;Isparta-32;F;-75.79;5530;5530
2065;İstanbul-34;F;-75.79;105751;105751
2066;İzmir-35;F;-75.79;48231;48231
2067;Kahramanmaraş-46;F;-75.79;9052;9052
2068;Karabük-78;F;-75.79;3460;3460
2069;Karaman-70;F;-75.79;2706;2706
2070;Kars-36;F;-75.79;2507;2507
2071;Kastamonu-37;F;-75.79;7618;7618
2072;Kayseri-38;F;-75.79;12566;12566
2073;Kilis-79;F;-75.79;1157;1157
2074;Kırıkkale-71;F;-75.79;3393;3393
2075;Kırklareli-39;F;-75.79;4770;4770
2076;Kırşehir-40;F;-75.79;2980;2980
2077;Kocaeli-41;F;-75.79;13282;13282
2078;Konya-42;F;-75.79;21000;21000
2079;Kütahya-43;F;-75.79;7878;7878
2080;Malatya-44;F;-75.79;8437;8437
2081;Manisa-45;F;-75.79;15953;15953
2082;Mardin-47;F;-75.79;4590;4590
2083;Mersin-33;F;-75.79;16202;16202
2084;Muğla-48;F;-75.79;11557;11557
2085;Muş-49;F;-75.79;2062;2062
2086;Nevşehir-50;F;-75.79;3703;3703
2087;Niğde-51;F;-75.79;3894;3894
2088;Ordu-52;F;-75.79;11091;11091
2089;Osmaniye-80;F;-75.79;4207;4207
2090;Rize-53;F;-75.79;5008;5008
2091;Sakarya-54;F;-75.79;9671;9671
2092;Samsun-55;F;-75.79;15875;15875
2093;Şanlıurfa-63;F;-75.79;8031;8031
2094;Siirt-56;F;-75.79;1737;1737
2095;Sinop-57;F;-75.79;4568;4568
2096;Şırnak-73;F;-75.79;1626;1626
2097;Sivas-58;F;-75.79;8469;8469
2098;Tekirdağ-59;F;-75.79;8347;8347
2099;Tokat-60;F;-75.79;8275;8275
2100;Trabzon-61;F;-75.79;10654;10654
2101;Tunceli-62;F;-75.79;1119;1119
2102;Uşak-64;F;-75.79;4717;4717
2103;Van-65;F;-75.79;4244;4244
2104;Yalova-77;F;-75.79;3063;3063
2105;Yozgat-66;F;-75.79;5849;5849
2106;Zonguldak-67;F;-75.79;6993;6993
2107;Adana-1;M;-80.84;6675;-6675
2108;Adıyaman-2;M;-80.84;2250;-2250
2109;Afyonkarahisar-3;M;-80.84;3993;-3993
2110;Ağrı-4;M;-80.84;1049;-1049
2111;Aksaray-68;M;-80.84;1665;-1665
2112;Amasya-5;M;-80.84;2534;-2534
2113;Ankara-6;M;-80.84;18981;-18981
2114;Antalya-7;M;-80.84;9309;-9309
2115;Ardahan-75;M;-80.84;656;-656
2116;Artvin-8;M;-80.84;1426;-1426
2117;Aydın-9;M;-80.84;6961;-6961
2118;Balıkesir-10;M;-80.84;9034;-9034
2119;Bartın-74;M;-80.84;1116;-1116
2120;Batman-72;M;-80.84;1181;-1181
2121;Bayburt-69;M;-80.84;449;-449
2122;Bilecik-11;M;-80.84;1353;-1353
2123;Bingöl-12;M;-80.84;977;-977
2124;Bitlis-13;M;-80.84;711;-711
2125;Bolu-14;M;-80.84;2019;-2019
2126;Burdur-15;M;-80.84;2145;-2145
2127;Bursa-16;M;-80.84;11872;-11872
2128;Çanakkale-17;M;-80.84;3964;-3964
2129;Çankırı-18;M;-80.84;1484;-1484
2130;Çorum-19;M;-80.84;3708;-3708
2131;Denizli-20;M;-80.84;5343;-5343
2132;Diyarbakır-21;M;-80.84;3562;-3562
2133;Düzce-81;M;-80.84;1669;-1669
2134;Edirne-22;M;-80.84;2913;-2913
2135;Elazığ-23;M;-80.84;2710;-2710
2136;Erzincan-24;M;-80.84;1366;-1366
2137;Erzurum-25;M;-80.84;3250;-3250
2138;Eskişehir-26;M;-80.84;4659;-4659
2139;Gaziantep-27;M;-80.84;4264;-4264
2140;Giresun-28;M;-80.84;3839;-3839
2141;Gümüşhane-29;M;-80.84;972;-972
2142;Hakkari-30;M;-80.84;384;-384
2143;Hatay-31;M;-80.84;6819;-6819
2144;Iğdır-76;M;-80.84;584;-584
2145;Isparta-32;M;-80.84;2565;-2565
2146;İstanbul-34;M;-80.84;40761;-40761
2147;İzmir-35;M;-80.84;20815;-20815
2148;Kahramanmaraş-46;M;-80.84;3980;-3980
2149;Karabük-78;M;-80.84;1311;-1311
2150;Karaman-70;M;-80.84;1511;-1511
2151;Kars-36;M;-80.84;1140;-1140
2152;Kastamonu-37;M;-80.84;2821;-2821
2153;Kayseri-38;M;-80.84;4680;-4680
2154;Kilis-79;M;-80.84;552;-552
2155;Kırıkkale-71;M;-80.84;1354;-1354
2156;Kırklareli-39;M;-80.84;2325;-2325
2157;Kırşehir-40;M;-80.84;1147;-1147
2158;Kocaeli-41;M;-80.84;5694;-5694
2159;Konya-42;M;-80.84;9379;-9379
2160;Kütahya-43;M;-80.84;3530;-3530
2161;Malatya-44;M;-80.84;3736;-3736
2162;Manisa-45;M;-80.84;7367;-7367
2163;Mardin-47;M;-80.84;2429;-2429
2164;Mersin-33;M;-80.84;7287;-7287
2165;Muğla-48;M;-80.84;6243;-6243
2166;Muş-49;M;-80.84;728;-728
2167;Nevşehir-50;M;-80.84;1595;-1595
2168;Niğde-51;M;-80.84;1498;-1498
2169;Ordu-52;M;-80.84;4998;-4998
2170;Osmaniye-80;M;-80.84;1647;-1647
2171;Rize-53;M;-80.84;1767;-1767
2172;Sakarya-54;M;-80.84;4016;-4016
2173;Samsun-55;M;-80.84;6237;-6237
2174;Şanlıurfa-63;M;-80.84;3086;-3086
2175;Siirt-56;M;-80.84;662;-662
2176;Sinop-57;M;-80.84;1927;-1927
2177;Şırnak-73;M;-80.84;778;-778
2178;Sivas-58;M;-80.84;3361;-3361
2179;Tekirdağ-59;M;-80.84;3906;-3906
2180;Tokat-60;M;-80.84;3933;-3933
2181;Trabzon-61;M;-80.84;4005;-4005
2182;Tunceli-62;M;-80.84;776;-776
2183;Uşak-64;M;-80.84;2130;-2130
2184;Van-65;M;-80.84;1736;-1736
2185;Yalova-77;M;-80.84;1444;-1444
2186;Yozgat-66;M;-80.84;2162;-2162
2187;Zonguldak-67;M;-80.84;2867;-2867
2188;Adana-1;F;-80.84;10966;10966
2189;Adıyaman-2;F;-80.84;3150;3150
2190;Afyonkarahisar-3;F;-80.84;5718;5718
2191;Ağrı-4;F;-80.84;1505;1505
2192;Aksaray-68;F;-80.84;2636;2636
2193;Amasya-5;F;-80.84;3507;3507
2194;Ankara-6;F;-80.84;31599;31599
2195;Antalya-7;F;-80.84;12253;12253
2196;Ardahan-75;F;-80.84;766;766
2197;Artvin-8;F;-80.84;1892;1892
2198;Aydın-9;F;-80.84;10247;10247
2199;Balıkesir-10;F;-80.84;12739;12739
2200;Bartın-74;F;-80.84;1633;1633
2201;Batman-72;F;-80.84;1845;1845
2202;Bayburt-69;F;-80.84;695;695
2203;Bilecik-11;F;-80.84;1948;1948
2204;Bingöl-12;F;-80.84;1234;1234
2205;Bitlis-13;F;-80.84;1014;1014
2206;Bolu-14;F;-80.84;2876;2876
2207;Burdur-15;F;-80.84;3063;3063
2208;Bursa-16;F;-80.84;18114;18114
2209;Çanakkale-17;F;-80.84;5794;5794
2210;Çankırı-18;F;-80.84;2146;2146
2211;Çorum-19;F;-80.84;5302;5302
2212;Denizli-20;F;-80.84;8102;8102
2213;Diyarbakır-21;F;-80.84;5825;5825
2214;Düzce-81;F;-80.84;2580;2580
2215;Edirne-22;F;-80.84;4441;4441
2216;Elazığ-23;F;-80.84;3851;3851
2217;Erzincan-24;F;-80.84;1895;1895
2218;Erzurum-25;F;-80.84;4163;4163
2219;Eskişehir-26;F;-80.84;7064;7064
2220;Gaziantep-27;F;-80.84;7260;7260
2221;Giresun-28;F;-80.84;5974;5974
2222;Gümüşhane-29;F;-80.84;1389;1389
2223;Hakkari-30;F;-80.84;580;580
2224;Hatay-31;F;-80.84;7992;7992
2225;Iğdır-76;F;-80.84;812;812
2226;Isparta-32;F;-80.84;3777;3777
2227;İstanbul-34;F;-80.84;69489;69489
2228;İzmir-35;F;-80.84;32555;32555
2229;Kahramanmaraş-46;F;-80.84;6035;6035
2230;Karabük-78;F;-80.84;2047;2047
2231;Karaman-70;F;-80.84;1965;1965
2232;Kars-36;F;-80.84;1517;1517
2233;Kastamonu-37;F;-80.84;4200;4200
2234;Kayseri-38;F;-80.84;7903;7903
2235;Kilis-79;F;-80.84;833;833
2236;Kırıkkale-71;F;-80.84;2174;2174
2237;Kırklareli-39;F;-80.84;3592;3592
2238;Kırşehir-40;F;-80.84;1981;1981
2239;Kocaeli-41;F;-80.84;8227;8227
2240;Konya-42;F;-80.84;13670;13670
2241;Kütahya-43;F;-80.84;5036;5036
2242;Malatya-44;F;-80.84;5857;5857
2243;Manisa-45;F;-80.84;11295;11295
2244;Mardin-47;F;-80.84;3519;3519
2245;Mersin-33;F;-80.84;10100;10100
2246;Muğla-48;F;-80.84;7973;7973
2247;Muş-49;F;-80.84;1161;1161
2248;Nevşehir-50;F;-80.84;2572;2572
2249;Niğde-51;F;-80.84;2584;2584
2250;Ordu-52;F;-80.84;7453;7453
2251;Osmaniye-80;F;-80.84;2612;2612
2252;Rize-53;F;-80.84;3503;3503
2253;Sakarya-54;F;-80.84;6128;6128
2254;Samsun-55;F;-80.84;9840;9840
2255;Şanlıurfa-63;F;-80.84;5523;5523
2256;Siirt-56;F;-80.84;1028;1028
2257;Sinop-57;F;-80.84;2862;2862
2258;Şırnak-73;F;-80.84;1160;1160
2259;Sivas-58;F;-80.84;5055;5055
2260;Tekirdağ-59;F;-80.84;5605;5605
2261;Tokat-60;F;-80.84;5202;5202
2262;Trabzon-61;F;-80.84;6903;6903
2263;Tunceli-62;F;-80.84;827;827
2264;Uşak-64;F;-80.84;3143;3143
2265;Van-65;F;-80.84;2472;2472
2266;Yalova-77;F;-80.84;1967;1967
2267;Yozgat-66;F;-80.84;3545;3545
2268;Zonguldak-67;F;-80.84;4538;4538
2269;Adana-1;M;-85.89;3886;-3886
2270;Adıyaman-2;M;-85.89;1547;-1547
2271;Afyonkarahisar-3;M;-85.89;2249;-2249
2272;Ağrı-4;M;-85.89;557;-557
2273;Aksaray-68;M;-85.89;877;-877
2274;Amasya-5;M;-85.89;1597;-1597
2275;Ankara-6;M;-85.89;11611;-11611
2276;Antalya-7;M;-85.89;5213;-5213
2277;Ardahan-75;M;-85.89;350;-350
2278;Artvin-8;M;-85.89;1046;-1046
2279;Aydın-9;M;-85.89;3725;-3725
2280;Balıkesir-10;M;-85.89;4576;-4576
2281;Bartın-74;M;-85.89;828;-828
2282;Batman-72;M;-85.89;684;-684
2283;Bayburt-69;M;-85.89;329;-329
2284;Bilecik-11;M;-85.89;730;-730
2285;Bingöl-12;M;-85.89;602;-602
2286;Bitlis-13;M;-85.89;450;-450
2287;Bolu-14;M;-85.89;1341;-1341
2288;Burdur-15;M;-85.89;1353;-1353
2289;Bursa-16;M;-85.89;6139;-6139
2290;Çanakkale-17;M;-85.89;2055;-2055
2291;Çankırı-18;M;-85.89;1004;-1004
2292;Çorum-19;M;-85.89;2573;-2573
2293;Denizli-20;M;-85.89;3049;-3049
2294;Diyarbakır-21;M;-85.89;2234;-2234
2295;Düzce-81;M;-85.89;948;-948
2296;Edirne-22;M;-85.89;1489;-1489
2297;Elazığ-23;M;-85.89;1941;-1941
2298;Erzincan-24;M;-85.89;951;-951
2299;Erzurum-25;M;-85.89;1950;-1950
2300;Eskişehir-26;M;-85.89;2270;-2270
2301;Gaziantep-27;M;-85.89;2228;-2228
2302;Giresun-28;M;-85.89;2754;-2754
2303;Gümüşhane-29;M;-85.89;705;-705
2304;Hakkari-30;M;-85.89;194;-194
2305;Hatay-31;M;-85.89;3469;-3469
2306;Iğdır-76;M;-85.89;363;-363
2307;Isparta-32;M;-85.89;1792;-1792
2308;İstanbul-34;M;-85.89;23911;-23911
2309;İzmir-35;M;-85.89;10666;-10666
2310;Kahramanmaraş-46;M;-85.89;2935;-2935
2311;Karabük-78;M;-85.89;1024;-1024
2312;Karaman-70;M;-85.89;937;-937
2313;Kars-36;M;-85.89;714;-714
2314;Kastamonu-37;M;-85.89;2203;-2203
2315;Kayseri-38;M;-85.89;3379;-3379
2316;Kilis-79;M;-85.89;340;-340
2317;Kırıkkale-71;M;-85.89;911;-911
2318;Kırklareli-39;M;-85.89;1327;-1327
2319;Kırşehir-40;M;-85.89;770;-770
2320;Kocaeli-41;M;-85.89;3097;-3097
2321;Konya-42;M;-85.89;5459;-5459
2322;Kütahya-43;M;-85.89;2043;-2043
2323;Malatya-44;M;-85.89;2438;-2438
2324;Manisa-45;M;-85.89;3867;-3867
2325;Mardin-47;M;-85.89;1632;-1632
2326;Mersin-33;M;-85.89;4207;-4207
2327;Muğla-48;M;-85.89;3517;-3517
2328;Muş-49;M;-85.89;435;-435
2329;Nevşehir-50;M;-85.89;939;-939
2330;Niğde-51;M;-85.89;1025;-1025
2331;Ordu-52;M;-85.89;3581;-3581
2332;Osmaniye-80;M;-85.89;1119;-1119
2333;Rize-53;M;-85.89;1154;-1154
2334;Sakarya-54;M;-85.89;2380;-2380
2335;Samsun-55;M;-85.89;4203;-4203
2336;Şanlıurfa-63;M;-85.89;1663;-1663
2337;Siirt-56;M;-85.89;443;-443
2338;Sinop-57;M;-85.89;1366;-1366
2339;Şırnak-73;M;-85.89;367;-367
2340;Sivas-58;M;-85.89;2706;-2706
2341;Tekirdağ-59;M;-85.89;2019;-2019
2342;Tokat-60;M;-85.89;2209;-2209
2343;Trabzon-61;M;-85.89;3107;-3107
2344;Tunceli-62;M;-85.89;551;-551
2345;Uşak-64;M;-85.89;1328;-1328
2346;Van-65;M;-85.89;1024;-1024
2347;Yalova-77;M;-85.89;827;-827
2348;Yozgat-66;M;-85.89;1668;-1668
2349;Zonguldak-67;M;-85.89;1788;-1788
2350;Adana-1;F;-85.89;6322;6322
2351;Adıyaman-2;F;-85.89;1788;1788
2352;Afyonkarahisar-3;F;-85.89;3183;3183
2353;Ağrı-4;F;-85.89;809;809
2354;Aksaray-68;F;-85.89;1246;1246
2355;Amasya-5;F;-85.89;2128;2128
2356;Ankara-6;F;-85.89;19252;19252
2357;Antalya-7;F;-85.89;7560;7560
2358;Ardahan-75;F;-85.89;489;489
2359;Artvin-8;F;-85.89;1403;1403
2360;Aydın-9;F;-85.89;6482;6482
2361;Balıkesir-10;F;-85.89;7283;7283
2362;Bartın-74;F;-85.89;1201;1201
2363;Batman-72;F;-85.89;1186;1186
2364;Bayburt-69;F;-85.89;422;422
2365;Bilecik-11;F;-85.89;1161;1161
2366;Bingöl-12;F;-85.89;721;721
2367;Bitlis-13;F;-85.89;626;626
2368;Bolu-14;F;-85.89;2048;2048
2369;Burdur-15;F;-85.89;2089;2089
2370;Bursa-16;F;-85.89;10485;10485
2371;Çanakkale-17;F;-85.89;3373;3373
2372;Çankırı-18;F;-85.89;1360;1360
2373;Çorum-19;F;-85.89;3306;3306
2374;Denizli-20;F;-85.89;5123;5123
2375;Diyarbakır-21;F;-85.89;3918;3918
2376;Düzce-81;F;-85.89;1513;1513
2377;Edirne-22;F;-85.89;2586;2586
2378;Elazığ-23;F;-85.89;2466;2466
2379;Erzincan-24;F;-85.89;1374;1374
2380;Erzurum-25;F;-85.89;2611;2611
2381;Eskişehir-26;F;-85.89;3776;3776
2382;Gaziantep-27;F;-85.89;3892;3892
2383;Giresun-28;F;-85.89;4120;4120
2384;Gümüşhane-29;F;-85.89;1002;1002
2385;Hakkari-30;F;-85.89;398;398
2386;Hatay-31;F;-85.89;4644;4644
2387;Iğdır-76;F;-85.89;562;562
2388;Isparta-32;F;-85.89;2579;2579
2389;İstanbul-34;F;-85.89;43994;43994
2390;İzmir-35;F;-85.89;19803;19803
2391;Kahramanmaraş-46;F;-85.89;3212;3212
2392;Karabük-78;F;-85.89;1497;1497
2393;Karaman-70;F;-85.89;1247;1247
2394;Kars-36;F;-85.89;898;898
2395;Kastamonu-37;F;-85.89;3162;3162
2396;Kayseri-38;F;-85.89;4697;4697
2397;Kilis-79;F;-85.89;482;482
2398;Kırıkkale-71;F;-85.89;1245;1245
2399;Kırklareli-39;F;-85.89;2322;2322
2400;Kırşehir-40;F;-85.89;1173;1173
2401;Kocaeli-41;F;-85.89;4943;4943
2402;Konya-42;F;-85.89;7874;7874
2403;Kütahya-43;F;-85.89;2849;2849
2404;Malatya-44;F;-85.89;3223;3223
2405;Manisa-45;F;-85.89;6549;6549
2406;Mardin-47;F;-85.89;2194;2194
2407;Mersin-33;F;-85.89;6063;6063
2408;Muğla-48;F;-85.89;5365;5365
2409;Muş-49;F;-85.89;759;759
2410;Nevşehir-50;F;-85.89;1329;1329
2411;Niğde-51;F;-85.89;1329;1329
2412;Ordu-52;F;-85.89;4809;4809
2413;Osmaniye-80;F;-85.89;1568;1568
2414;Rize-53;F;-85.89;2390;2390
2415;Sakarya-54;F;-85.89;3907;3907
2416;Samsun-55;F;-85.89;6841;6841
2417;Şanlıurfa-63;F;-85.89;3171;3171
2418;Siirt-56;F;-85.89;649;649
2419;Sinop-57;F;-85.89;1826;1826
2420;Şırnak-73;F;-85.89;893;893
2421;Sivas-58;F;-85.89;3179;3179
2422;Tekirdağ-59;F;-85.89;3366;3366
2423;Tokat-60;F;-85.89;2974;2974
2424;Trabzon-61;F;-85.89;5584;5584
2425;Tunceli-62;F;-85.89;723;723
2426;Uşak-64;F;-85.89;1993;1993
2427;Van-65;F;-85.89;1360;1360
2428;Yalova-77;F;-85.89;1205;1205
2429;Yozgat-66;F;-85.89;2215;2215
2430;Zonguldak-67;F;-85.89;3123;3123
2431;Adana-1;M;-90.;966;-966
2432;Adıyaman-2;M;-90.;322;-322
2433;Afyonkarahisar-3;M;-90.;508;-508
2434;Ağrı-4;M;-90.;147;-147
2435;Aksaray-68;M;-90.;182;-182
2436;Amasya-5;M;-90.;295;-295
2437;Ankara-6;M;-90.;3268;-3268
2438;Antalya-7;M;-90.;1398;-1398
2439;Ardahan-75;M;-90.;115;-115
2440;Artvin-8;M;-90.;279;-279
2441;Aydın-9;M;-90.;990;-990
2442;Balıkesir-10;M;-90.;1328;-1328
2443;Bartın-74;M;-90.;210;-210
2444;Batman-72;M;-90.;219;-219
2445;Bayburt-69;M;-90.;81;-81
2446;Bilecik-11;M;-90.;206;-206
2447;Bingöl-12;M;-90.;175;-175
2448;Bitlis-13;M;-90.;137;-137
2449;Bolu-14;M;-90.;416;-416
2450;Burdur-15;M;-90.;395;-395
2451;Bursa-16;M;-90.;1645;-1645
2452;Çanakkale-17;M;-90.;620;-620
2453;Çankırı-18;M;-90.;250;-250
2454;Çorum-19;M;-90.;543;-543
2455;Denizli-20;M;-90.;777;-777
2456;Diyarbakır-21;M;-90.;587;-587
2457;Düzce-81;M;-90.;225;-225
2458;Edirne-22;M;-90.;457;-457
2459;Elazığ-23;M;-90.;407;-407
2460;Erzincan-24;M;-90.;257;-257
2461;Erzurum-25;M;-90.;422;-422
2462;Eskişehir-26;M;-90.;671;-671
2463;Gaziantep-27;M;-90.;618;-618
2464;Giresun-28;M;-90.;637;-637
2465;Gümüşhane-29;M;-90.;154;-154
2466;Hakkari-30;M;-90.;98;-98
2467;Hatay-31;M;-90.;920;-920
2468;Iğdır-76;M;-90.;105;-105
2469;Isparta-32;M;-90.;460;-460
2470;İstanbul-34;M;-90.;7226;-7226
2471;İzmir-35;M;-90.;3295;-3295
2472;Kahramanmaraş-46;M;-90.;715;-715
2473;Karabük-78;M;-90.;183;-183
2474;Karaman-70;M;-90.;278;-278
2475;Kars-36;M;-90.;196;-196
2476;Kastamonu-37;M;-90.;446;-446
2477;Kayseri-38;M;-90.;649;-649
2478;Kilis-79;M;-90.;86;-86
2479;Kırıkkale-71;M;-90.;190;-190
2480;Kırklareli-39;M;-90.;401;-401
2481;Kırşehir-40;M;-90.;206;-206
2482;Kocaeli-41;M;-90.;856;-856
2483;Konya-42;M;-90.;1348;-1348
2484;Kütahya-43;M;-90.;489;-489
2485;Malatya-44;M;-90.;522;-522
2486;Manisa-45;M;-90.;1106;-1106
2487;Mardin-47;M;-90.;540;-540
2488;Mersin-33;M;-90.;1076;-1076
2489;Muğla-48;M;-90.;1092;-1092
2490;Muş-49;M;-90.;162;-162
2491;Nevşehir-50;M;-90.;232;-232
2492;Niğde-51;M;-90.;228;-228
2493;Ordu-52;M;-90.;862;-862
2494;Osmaniye-80;M;-90.;281;-281
2495;Rize-53;M;-90.;190;-190
2496;Sakarya-54;M;-90.;653;-653
2497;Samsun-55;M;-90.;794;-794
2498;Şanlıurfa-63;M;-90.;517;-517
2499;Siirt-56;M;-90.;110;-110
2500;Sinop-57;M;-90.;343;-343
2501;Şırnak-73;M;-90.;115;-115
2502;Sivas-58;M;-90.;473;-473
2503;Tekirdağ-59;M;-90.;634;-634
2504;Tokat-60;M;-90.;392;-392
2505;Trabzon-61;M;-90.;664;-664
2506;Tunceli-62;M;-90.;152;-152
2507;Uşak-64;M;-90.;323;-323
2508;Van-65;M;-90.;249;-249
2509;Yalova-77;M;-90.;191;-191
2510;Yozgat-66;M;-90.;342;-342
2511;Zonguldak-67;M;-90.;377;-377
2512;Adana-1;F;-90.;2843;2843
2513;Adıyaman-2;F;-90.;1205;1205
2514;Afyonkarahisar-3;F;-90.;1042;1042
2515;Ağrı-4;F;-90.;451;451
2516;Aksaray-68;F;-90.;528;528
2517;Amasya-5;F;-90.;750;750
2518;Ankara-6;F;-90.;8674;8674
2519;Antalya-7;F;-90.;3094;3094
2520;Ardahan-75;F;-90.;216;216
2521;Artvin-8;F;-90.;668;668
2522;Aydın-9;F;-90.;2530;2530
2523;Balıkesir-10;F;-90.;2752;2752
2524;Bartın-74;F;-90.;423;423
2525;Batman-72;F;-90.;874;874
2526;Bayburt-69;F;-90.;261;261
2527;Bilecik-11;F;-90.;424;424
2528;Bingöl-12;F;-90.;420;420
2529;Bitlis-13;F;-90.;497;497
2530;Bolu-14;F;-90.;746;746
2531;Burdur-15;F;-90.;823;823
2532;Bursa-16;F;-90.;3913;3913
2533;Çanakkale-17;F;-90.;1307;1307
2534;Çankırı-18;F;-90.;467;467
2535;Çorum-19;F;-90.;1374;1374
2536;Denizli-20;F;-90.;1795;1795
2537;Diyarbakır-21;F;-90.;2032;2032
2538;Düzce-81;F;-90.;700;700
2539;Edirne-22;F;-90.;992;992
2540;Elazığ-23;F;-90.;1361;1361
2541;Erzincan-24;F;-90.;749;749
2542;Erzurum-25;F;-90.;1169;1169
2543;Eskişehir-26;F;-90.;1367;1367
2544;Gaziantep-27;F;-90.;2060;2060
2545;Giresun-28;F;-90.;2211;2211
2546;Gümüşhane-29;F;-90.;631;631
2547;Hakkari-30;F;-90.;346;346
2548;Hatay-31;F;-90.;1963;1963
2549;Iğdır-76;F;-90.;292;292
2550;Isparta-32;F;-90.;954;954
2551;İstanbul-34;F;-90.;21949;21949
2552;İzmir-35;F;-90.;8856;8856
2553;Kahramanmaraş-46;F;-90.;1870;1870
2554;Karabük-78;F;-90.;543;543
2555;Karaman-70;F;-90.;464;464
2556;Kars-36;F;-90.;378;378
2557;Kastamonu-37;F;-90.;1182;1182
2558;Kayseri-38;F;-90.;1855;1855
2559;Kilis-79;F;-90.;268;268
2560;Kırıkkale-71;F;-90.;463;463
2561;Kırklareli-39;F;-90.;835;835
2562;Kırşehir-40;F;-90.;454;454
2563;Kocaeli-41;F;-90.;2132;2132
2564;Konya-42;F;-90.;3055;3055
2565;Kütahya-43;F;-90.;891;891
2566;Malatya-44;F;-90.;1867;1867
2567;Manisa-45;F;-90.;2577;2577
2568;Mardin-47;F;-90.;1503;1503
2569;Mersin-33;F;-90.;2597;2597
2570;Muğla-48;F;-90.;2318;2318
2571;Muş-49;F;-90.;502;502
2572;Nevşehir-50;F;-90.;571;571
2573;Niğde-51;F;-90.;610;610
2574;Ordu-52;F;-90.;2487;2487
2575;Osmaniye-80;F;-90.;806;806
2576;Rize-53;F;-90.;1215;1215
2577;Sakarya-54;F;-90.;1620;1620
2578;Samsun-55;F;-90.;2849;2849
2579;Şanlıurfa-63;F;-90.;2072;2072
2580;Siirt-56;F;-90.;474;474
2581;Sinop-57;F;-90.;726;726
2582;Şırnak-73;F;-90.;737;737
2583;Sivas-58;F;-90.;1361;1361
2584;Tekirdağ-59;F;-90.;1204;1204
2585;Tokat-60;F;-90.;1179;1179
2586;Trabzon-61;F;-90.;3365;3365
2587;Tunceli-62;F;-90.;441;441
2588;Uşak-64;F;-90.;600;600
2589;Van-65;F;-90.;829;829
2590;Yalova-77;F;-90.;526;526
2591;Yozgat-66;F;-90.;795;795
2592;Zonguldak-67;F;-90.;1099;1099